dataset,task,rule,pairwise_instability,pairwise_mcse,score,score_mcse,instability_change_vs_random_percent,instability_delta_vs_random,instability_delta_vs_random_mcse,score_delta_vs_random,score_delta_vs_random_mcse,instability_change_vs_best_validation_percent,instability_delta_vs_best_validation,instability_delta_vs_best_validation_mcse,score_delta_vs_best_validation,score_delta_vs_best_validation_mcse
classification_easy,classification,random,0.1324,0.0064790189901581495,0.9032666666666667,0.004287632620743078,0.0,0.0,0.0,0.0,0.0,25.855513307984786,0.0272,0.008203400655394393,-0.01706666666666666,0.005065957774260938
classification_easy,classification,representative,0.10213333333333333,0.006730146750513447,0.9170666666666666,0.00352043258233685,-22.860020140986908,-0.030266666666666664,0.008243923069370317,0.013799999999999996,0.004719998287964079,-2.915082382762992,-0.0030666666666666676,0.007870171016994148,-0.0032666666666666634,0.004049630374841573
classification_easy,classification,best_validation,0.1052,0.005951550418248373,0.9203333333333333,0.003475584230939083,-20.54380664652568,-0.0272,0.008203400655394393,0.01706666666666666,0.005065957774260938,0.0,0.0,0.0,0.0,0.0
classification_easy,classification,ensemble,0.05586666666666667,0.004004034246785747,0.9489999999999997,0.002453381276065006,-57.80463242698892,-0.07653333333333333,0.006823302742621078,0.04573333333333332,0.004229149023034633,-46.89480354879595,-0.04933333333333333,0.006253887679764572,0.02866666666666667,0.0034976342814506643
classification_hard,classification,random,0.2584,0.0069270510523006205,0.7073333333333331,0.0040584948529449275,0.0,0.0,0.0,0.0,0.0,21.200750469043157,0.045200000000000004,0.008439814938165183,-0.015133333333333327,0.005478540934812004
classification_hard,classification,representative,0.2236,0.00718075028135463,0.721,0.003609906559006576,-13.467492260061924,-0.03480000000000001,0.00878318327202744,0.013666666666666659,0.005366374921488415,4.878048780487806,0.0104,0.01003966735678631,-0.0014666666666666673,0.004472216261994899
classification_hard,classification,best_validation,0.21319999999999997,0.007622594412549528,0.7224666666666667,0.004097197312028369,-17.492260061919506,-0.045200000000000004,0.008439814938165183,0.015133333333333327,0.005478540934812004,0.0,0.0,0.0,0.0,0.0
classification_hard,classification,ensemble,0.12866666666666668,0.004014712173020569,0.7585999999999998,0.0023599634762910236,-50.20639834881321,-0.12973333333333334,0.00787938554414543,0.05126666666666666,0.004138668220000403,-39.64978111319575,-0.08453333333333334,0.0075483385566617505,0.03613333333333333,0.00417483240253134
regression_synthetic,regression,random,2379.981495987113,77.54915048875063,0.5378376396431026,0.006129198605302371,0.0,0.0,0.0,0.0,0.0,14.540346834308588,302.1272186380676,94.15733212602855,-0.03054843861888174,0.007530463344452615
regression_synthetic,regression,representative,2002.434878771811,54.91877663753951,0.5655269819091897,0.004388412908410011,-15.863426579235313,-377.54661721530186,69.97518919400517,0.027689342266087137,0.006003928819439909,-3.629676989353431,-75.41939857723433,89.88401030990917,-0.0028590963527946,0.006528385360369515
regression_synthetic,regression,best_validation,2077.854277349046,64.10117120479758,0.5683860782619845,0.0052996060250790735,-12.694519648471399,-302.1272186380676,94.15733212602855,0.03054843861888174,0.007530463344452615,0.0,0.0,0.0,0.0,0.0
regression_synthetic,regression,ensemble,444.41568567660323,16.352364015872492,0.7345285722814218,0.0023200190280520264,-81.3269268510729,-1935.5658103105097,74.89385830272614,0.1966909326383189,0.006288846231554376,-78.61179725059475,-1633.4385916724425,60.650338181109625,0.1661424940194372,0.005137418442583873
breast_cancer,classification,random,0.09391812865497075,0.0047447550596717404,0.9076608187134503,0.0019901708790467914,0.0,0.0,0.0,0.0,0.0,23.919753086419746,0.01812865497076023,0.00658924946924344,-0.008362573099415207,0.002514619883040935
breast_cancer,classification,representative,0.06818713450292396,0.004647259059828454,0.9142105263157894,0.0015395123135836472,-27.3972602739726,-0.025730994152046778,0.005787972623454894,0.006549707602339186,0.0023410707709341626,-10.030864197530862,-0.00760233918128655,0.005910277746307099,-0.0018128654970760217,0.0020708107632914233
breast_cancer,classification,best_validation,0.07578947368421053,0.004722787049659449,0.9160233918128654,0.0015517263779951096,-19.30261519302615,-0.01812865497076023,0.00658924946924344,0.008362573099415207,0.002514619883040935,0.0,0.0,0.0,0.0,0.0
breast_cancer,classification,ensemble,0.04666666666666666,0.002601853035662109,0.9270760233918128,0.0012888969507178238,-50.31133250311333,-0.047251461988304086,0.005144028445752744,0.01941520467836258,0.002371272574229308,-38.425925925925924,-0.029122807017543863,0.005542796008192653,0.01105263157894737,0.0017863761864040952
diabetes,regression,random,3442.6653659899494,122.57087641709853,0.183442462438961,0.011291630814457724,0.0,0.0,0.0,0.0,0.0,7.121934697553085,228.8834494198896,155.38185135117178,-0.04052016223748766,0.01436076228704794
diabetes,regression,representative,2854.3419259781404,102.20939211224072,0.24356945662205975,0.009444387499033579,-17.08918461328975,-588.3234400118097,142.68822621114944,0.06012699418309873,0.014160305447949686,-11.18433048423945,-359.43999059192,103.57086387890972,0.019606831945611077,0.011754723508704046
diabetes,regression,best_validation,3213.7819165700594,98.091823829636,0.22396262467644865,0.0095378964004057,-6.648437332336349,-228.8834494198896,155.38185135117178,0.04052016223748766,0.01436076228704794,0.0,0.0,0.0,0.0,0.0
diabetes,regression,ensemble,672.8870753555398,30.906680615563257,0.4423311491278287,0.0036394253754272908,-80.45447338556392,-2769.77829063441,125.52470743128475,0.2588886866888678,0.010854494787323529,-79.06245374379091,-2540.89484121452,88.67921882744652,0.2183685244513801,0.008696493382287762
wine_binary,classification,random,0.10740740740740738,0.012731438534937528,0.8711111111111112,0.0032655111279763552,0.0,0.0,0.0,0.0,0.0,-13.690476190476192,-0.017037037037037038,0.01437206900216278,0.005925925925925922,0.004033914229267835
wine_binary,classification,representative,0.05777777777777779,0.008275646474504614,0.8777777777777779,0.0017259883837519286,-46.20689655172414,-0.04962962962962962,0.012802046251713533,0.006666666666666666,0.003536440073178399,-53.57142857142858,-0.06666666666666667,0.013468700594029475,0.012592592592592591,0.003767501409284936
wine_binary,classification,best_validation,0.12444444444444444,0.01123687953647262,0.8651851851851851,0.0036097319111664896,15.862068965517246,0.017037037037037038,0.01437206900216278,-0.005925925925925922,0.004033914229267835,0.0,0.0,0.0,0.0,0.0
wine_binary,classification,ensemble,0.05592592592592593,0.005759423917267641,0.8901851851851851,0.002190429135575904,-47.931034482758626,-0.05148148148148148,0.012332583127226876,0.019074074074074084,0.00390808154779458,-55.059523809523796,-0.0685185185185185,0.01179846725977659,0.02500000000000001,0.004197984724918347
