source,process,family,task,unit_index,unit_seed,random_instability,random_score,random_label_disagreement,representative_instability,representative_score,representative_label_disagreement,best_validation_instability,best_validation_score,best_validation_label_disagreement,ensemble_instability,ensemble_score,ensemble_label_disagreement,instability_delta_vs_best,instability_effect_vs_best_percent,instability_delta_vs_best_mcse,score_delta_vs_best,instability_effect_vs_random_percent,validation_test_centrality_spearman
synthetic,classification_easy,tree,classification,0,3871313690,0.12954092467742168,0.9167500000000001,0.09047894736842105,0.11585439747326601,0.9075999999999999,0.09902105263157895,0.13500801202094226,0.9132000000000001,0.09646315789473682,0.03126827544423791,0.9369999999999999,0.05026315789473684,-0.01915361454767625,-15.270214924821934,0.010900957977458787,-0.005600000000000271,-11.154676531080169,0.6730769230769231
synthetic,classification_easy,tree,classification,1,4092177919,0.10854401539208525,0.89495,0.08415263157894737,0.09040395755337273,0.89925,0.07280526315789473,0.10777295538220295,0.90435,0.06848947368421053,0.02998255969730053,0.9128000000000001,0.045989473684210525,-0.017368997828830224,-17.528780291856318,0.008450471546860367,-0.005099999999999993,-18.23598156859397,0.5594405594405595
synthetic,classification_easy,tree,classification,2,253157089,0.13026012171038487,0.906,0.08855789473684211,0.1097665854328899,0.90595,0.08568947368421052,0.11601980191541464,0.9165500000000002,0.07679473684210526,0.03457816437020094,0.9252500000000001,0.056805263157894734,-0.006253216482524734,-5.539055348698541,0.008828581760160645,-0.010600000000000165,-17.076046679473986,0.6335664335664337
synthetic,classification_easy,tree,classification,3,827895376,0.12501784490697704,0.9192499999999999,0.08839473684210525,0.10058060805663449,0.9157,0.0910736842105263,0.1190833956588329,0.9202999999999999,0.08808421052631579,0.0314810120210036,0.9403499999999999,0.05702631578947369,-0.01850278760219841,-16.84644483323287,0.009797840446876493,-0.0045999999999999375,-21.66436562779463,0.620979020979021
synthetic,classification_easy,tree,classification,4,392270473,0.2319377728764539,0.8587,0.18582105263157894,0.1734748947550807,0.8770499999999999,0.13619473684210529,0.19758291089670516,0.8904500000000001,0.12969999999999995,0.04760061835237607,0.9158,0.08568421052631578,-0.024108016141624444,-12.99421048387716,0.01972111778541761,-0.01340000000000019,-28.841169893836692,0.5486013986013986
synthetic,classification_easy,tree,classification,5,87458320,0.2540974282302039,0.83155,0.1954578947368421,0.23381878652577562,0.8331500000000001,0.18742631578947372,0.24964274053055552,0.8442999999999999,0.1812842105263158,0.0591949880626134,0.8847999999999999,0.0934315789473684,-0.0158239540047799,-6.546106823071425,0.012563902092004234,-0.011149999999999882,-8.3123458869143,0.6807692307692308
synthetic,classification_easy,tree,classification,6,3881101963,0.1921934140043807,0.8755499999999999,0.14601578947368418,0.1831890974952043,0.8787499999999999,0.13971052631578948,0.1834264442561185,0.8869999999999999,0.12769473684210528,0.039509571302798516,0.92265,0.060300000000000006,-0.0002373467609142199,-0.12947992318078724,0.02028481595689949,-0.00824999999999998,-4.797408634305204,0.6374125874125874
synthetic,classification_easy,tree,classification,7,3469511100,0.18197163382478992,0.8557,0.15319999999999998,0.13044778455111694,0.86215,0.12530000000000002,0.1505650521928142,0.8785000000000001,0.10970526315789472,0.03543709343785013,0.8963000000000001,0.06620000000000001,-0.020117267641697273,-14.317685892782784,0.019671498346124614,-0.016350000000000087,-32.983768769250354,0.6143356643356643
synthetic,classification_easy,tree,classification,8,867458674,0.153683334841277,0.8367000000000001,0.11214736842105263,0.12100537660503068,0.83865,0.11633157894736842,0.13706747308030418,0.8473499999999999,0.09791052631578948,0.035511065990469826,0.8628,0.045705263157894735,-0.0160620964752735,-12.447722799866645,0.01104938466270904,-0.00869999999999993,-23.792720177096722,0.6776223776223778
synthetic,classification_easy,tree,classification,9,1609541089,0.16133026628014044,0.8688,0.1262421052631579,0.13886738047821268,0.8732,0.11382105263157895,0.145655784221129,0.87775,0.1069315789473684,0.035698068555208025,0.8958999999999998,0.06527368421052633,-0.00678840374291631,-4.771775788512461,0.012721880774324141,-0.004550000000000054,-14.965397660168515,0.618881118881119
synthetic,classification_easy,tree,classification,10,3437519796,0.138980381601643,0.9123500000000002,0.09135263157894737,0.09826506638040451,0.9216000000000003,0.07478947368421053,0.0956898221106829,0.9259500000000003,0.0686157894736842,0.026501685817470033,0.9406000000000001,0.036221052631578946,0.0025752442697216105,2.6555084945331995,0.006985057418968452,-0.004349999999999965,-34.3233689561196,0.66993006993007
synthetic,classification_easy,tree,classification,11,3630187413,0.14265332289822846,0.8963499999999998,0.11801578947368423,0.11172479808631566,0.90765,0.09260526315789473,0.12069714681098734,0.9142500000000002,0.08964736842105264,0.036251801621808334,0.9306999999999999,0.056557894736842106,-0.008972348724671675,-7.720741454629992,0.02387001475467314,-0.006600000000000272,-24.31696931497658,0.6405594405594407
synthetic,classification_easy,tree,classification,12,914042941,0.28190952532819935,0.8133500000000001,0.22501578947368422,0.25748741382648055,0.8279,0.1973157894736842,0.25325554223166497,0.8421,0.1807894736842105,0.05196164415997246,0.8868499999999999,0.09465789473684211,0.004231871594815584,1.657143400459861,0.020672478004897753,-0.01419999999999999,-9.055339297991607,0.6027972027972028
synthetic,classification_easy,tree,classification,13,2540631860,0.09860553082166411,0.9221499999999999,0.07392105263157894,0.0845808349146148,0.9265000000000001,0.06447368421052632,0.09635372615642973,0.9322000000000001,0.06221052631578947,0.029383457754662005,0.938,0.04320000000000001,-0.011772891241814937,-13.013424491291381,0.010200199674372355,-0.005700000000000038,-15.311942950208126,0.6632867132867134
synthetic,classification_easy,tree,classification,14,4063939837,0.2846978482402995,0.8221499999999999,0.21311052631578947,0.226825129646043,0.82685,0.1918263157894737,0.233779306663001,0.8365499999999999,0.1715105263157895,0.05814562563926793,0.88405,0.09825789473684209,-0.006954177016957996,-3.019587511003506,0.015968416363053604,-0.009699999999999931,-22.62761248121896,0.7115384615384617
synthetic,classification_easy,tree,classification,15,3025061333,0.1279910089607214,0.9188000000000001,0.1026,0.08701233557005363,0.9380999999999998,0.06881052631578947,0.09416793301559678,0.9441499999999998,0.06387894736842105,0.02910548459734572,0.9551000000000001,0.03932631578947368,-0.007155597445543158,-7.89887055737579,0.00929337494568031,-0.00605,-38.1191031982316,0.7297202797202798
synthetic,classification_easy,tree,classification,16,26070724,0.20234646188709013,0.8501499999999999,0.17448947368421053,0.15340389277125693,0.8627500000000001,0.13468947368421053,0.17803548538387484,0.8673000000000002,0.1318947368421053,0.04977923354203129,0.8908999999999999,0.08234736842105264,-0.02463159261261791,-14.863407450088188,0.009619824685603948,-0.004550000000000054,-27.515120350525752,0.6884615384615385
synthetic,classification_easy,tree,classification,17,852784100,0.16842178820904594,0.8677999999999999,0.14192631578947368,0.138004873564456,0.88505,0.09968947368421052,0.1549060064445253,0.8870999999999999,0.10615789473684209,0.04323927325851574,0.9064,0.05895789473684211,-0.01690113288006928,-11.54011956097435,0.016549154069119127,-0.0020499999999998852,-19.852655424006716,0.6272727272727273
synthetic,classification_easy,tree,classification,18,2563863736,0.15315819367002295,0.8861000000000001,0.12160000000000001,0.1353871725553946,0.8974,0.10199999999999998,0.1442809336505995,0.9035499999999999,0.10006842105263157,0.03473211594639992,0.9204000000000001,0.0604,-0.0088937610952049,-6.360225494325088,0.010083674120626024,-0.006149999999999878,-12.317661757732248,0.579020979020979
synthetic,classification_easy,tree,classification,19,1272183120,0.15957138378667413,0.88235,0.13760526315789476,0.1369938170608442,0.8899499999999998,0.10651052631578949,0.15464400841245135,0.9033000000000001,0.10316842105263156,0.040782626557421035,0.92455,0.05177368421052631,-0.017650191351607142,-12.10418526675191,0.010556696160935138,-0.013350000000000306,-15.226039104593646,0.5709790209790211
synthetic,classification_easy,tree,classification,20,1552581427,0.21558867430111525,0.8228500000000001,0.16426842105263156,0.19131299104751517,0.8345499999999999,0.14646842105263158,0.21568220809517927,0.8407500000000001,0.1523315789473684,0.046253862624650595,0.8594999999999999,0.07844210526315788,-0.024369217047664093,-11.975186488192522,0.021055929887224486,-0.006200000000000205,-11.931965543960528,0.6181818181818183
synthetic,classification_easy,tree,classification,21,4286263154,0.2535270191388483,0.8074999999999999,0.21713684210526316,0.18606816010154065,0.8366999999999999,0.14906315789473684,0.22446254104195748,0.83245,0.1711526315789474,0.05138489748606112,0.86525,0.09014210526315787,-0.038394380940416833,-18.7047550078338,0.021944173471422673,0.004249999999999865,-30.69135523909753,0.691958041958042
synthetic,classification_easy,tree,classification,22,41650089,0.17518924778065564,0.8842500000000001,0.12593157894736842,0.13967221988279552,0.8862499999999999,0.12141578947368423,0.14917610474504758,0.8917999999999999,0.10925263157894738,0.039572972019564244,0.9135,0.06557894736842104,-0.009503884862252066,-6.580536601343994,0.018152936234091192,-0.005550000000000055,-22.560415640203736,0.6325174825174826
synthetic,classification_easy,tree,classification,23,1499741402,0.16043839436348964,0.8788,0.1436526315789474,0.13860283250300157,0.8859,0.13142105263157894,0.14981564566131622,0.8909,0.12369473684210527,0.037965174023177714,0.9179000000000002,0.07467368421052631,-0.011212813158314655,-7.775377798038649,0.015247076914683261,-0.0050000000000000044,-14.603713400518313,0.634965034965035
synthetic,classification_hard,tree,classification,0,3297744443,0.3679127876436106,0.6404500000000001,0.3565105263157895,0.3383423375930097,0.6458,0.35363157894736846,0.36096803900295565,0.65815,0.33475263157894736,0.07441606461719863,0.7066000000000001,0.2098105263157895,-0.022625701409945964,-6.470861056025264,0.02086419685472736,-0.012349999999999972,-8.37387198873601,0.682867132867133
synthetic,classification_hard,tree,classification,1,77043664,0.37388005559345955,0.63525,0.3670578947368421,0.29776387585406566,0.65195,0.30993157894736845,0.3331601167718205,0.6542500000000001,0.31311052631578945,0.07009887295342702,0.6952,0.18583157894736838,-0.03539624091775484,-11.220445356797029,0.01793733661301316,-0.0023000000000000798,-22.665634624390485,0.7020979020979021
synthetic,classification_hard,tree,classification,2,3671367242,0.37550225540472704,0.6611499999999999,0.36420526315789475,0.3101259316433613,0.6696499999999999,0.3429842105263158,0.3340345087750923,0.6872,0.31241052631578947,0.06999713330224126,0.7364499999999998,0.20392105263157895,-0.023908577131731,-7.423174610412192,0.016400666099791298,-0.017550000000000177,-19.070488931570264,0.6216783216783217
synthetic,classification_hard,tree,classification,3,2407308529,0.3615310373927606,0.6416999999999999,0.36528421052631577,0.3123172780964663,0.6309000000000002,0.37996842105263157,0.3639974498634683,0.6401000000000001,0.3508526315789474,0.07510346364383524,0.68895,0.2499421052631579,-0.051680171767002014,-15.282876338621918,0.02130105565841379,-0.009199999999999875,-14.606776678090867,0.7475524475524477
synthetic,classification_hard,tree,classification,4,2436346523,0.4113156528752834,0.6175999999999999,0.4072105263157895,0.34760154096156076,0.6189999999999999,0.39080000000000004,0.4048696529349824,0.6172000000000001,0.3927684210526316,0.07096135261160717,0.6739999999999999,0.2668315789473684,-0.05726811197342163,-15.221343338571815,0.026749736786228467,0.0017999999999998018,-16.79079415544779,0.6881118881118882
synthetic,classification_hard,tree,classification,5,1187383508,0.4232167799099639,0.5680499999999999,0.4353421052631579,0.31902889378376087,0.5640999999999999,0.4360210526315789,0.4186192146430502,0.57575,0.4391105263157894,0.07942781117448143,0.6173,0.3203157894736842,-0.09959032085928932,-27.002121939060217,0.024978189771931624,-0.01165000000000005,-28.073693069228835,0.7118881118881121
synthetic,classification_hard,tree,classification,6,1490806617,0.3388150933038441,0.6798500000000001,0.3134684210526316,0.3136034011087048,0.69225,0.27923684210526317,0.3193497401070557,0.69835,0.2907842105263158,0.062358397791167086,0.7438499999999999,0.15747894736842105,-0.005746338998350864,-1.8157233526998349,0.016564387435675218,-0.006099999999999994,-7.728687157417381,0.6125874125874127
synthetic,classification_hard,tree,classification,7,1294376115,0.3640601139071394,0.6299,0.38526315789473686,0.33737556359986925,0.6391000000000001,0.3626842105263158,0.4130697653961902,0.64065,0.3777105263157895,0.07428725371882418,0.6928999999999998,0.24570526315789473,-0.07569420179632097,-20.173142232115467,0.028986659614995556,-0.0015499999999999403,-7.608552334295399,0.6667832167832168
synthetic,classification_hard,tree,classification,8,2851753894,0.36123560753828093,0.6098,0.3688947368421052,0.29934495217540813,0.61925,0.3326368421052632,0.3506140535160587,0.6187,0.34901052631578955,0.0691894734796199,0.6523000000000001,0.22150526315789473,-0.05126910134065055,-15.77610307471847,0.021732732588425733,0.0005499999999999394,-18.738261201539945,0.6374125874125876
synthetic,classification_hard,tree,classification,9,1772608374,0.33097733346526625,0.7193499999999999,0.2818473684210526,0.2547868203314682,0.7410999999999999,0.24044210526315787,0.27850643082169313,0.75165,0.22104736842105263,0.05946194023867268,0.7873,0.11322105263157894,-0.02371961049022492,-8.895522468711183,0.023587075844192965,-0.01055000000000017,-26.01405792415111,0.6933566433566435
synthetic,classification_hard,tree,classification,10,4063535493,0.39616342417937855,0.6300500000000001,0.3640578947368421,0.3301373380411137,0.63605,0.3525315789473684,0.38717847290983826,0.6407999999999999,0.3437578947368421,0.06963556409842132,0.6800999999999998,0.22669473684210523,-0.05704113486872453,-15.904050628161837,0.017710398362655536,-0.004749999999999921,-18.181472352143963,0.6304195804195806
synthetic,classification_hard,tree,classification,11,244723823,0.3715545491169363,0.6071500000000001,0.3792368421052631,0.3219662059600166,0.6162000000000001,0.33469473684210527,0.3803822419355018,0.6257499999999998,0.35113157894736846,0.06703471673173524,0.6704000000000001,0.21854736842105263,-0.05841603597548517,-16.634488522191525,0.025897253625385832,-0.009549999999999725,-14.300464057897553,0.7097902097902098
synthetic,classification_hard,tree,classification,12,3483871503,0.36971717770472995,0.6526500000000001,0.3436894736842105,0.3187709369531565,0.6504,0.33858947368421055,0.3492764047639309,0.6791,0.31156842105263155,0.07147806154095647,0.72495,0.19198421052631573,-0.0305054678107744,-9.132726352107309,0.010817126589047677,-0.02870000000000006,-14.799453953359503,0.6863636363636364
synthetic,classification_hard,tree,classification,13,2169906473,0.36955829708231563,0.63595,0.3902157894736842,0.2882777765647602,0.64185,0.34060526315789474,0.35479909416457417,0.66185,0.3520578947368421,0.07359383616101267,0.7026499999999999,0.23148947368421052,-0.06652131759981394,-20.68844974143447,0.013927721558031025,-0.020000000000000018,-24.711481712132983,0.7454545454545455
synthetic,classification_hard,tree,classification,14,4189045954,0.40519445559085193,0.6156499999999999,0.41498421052631584,0.3648343358703202,0.6132,0.4064,0.37241220120172086,0.6481999999999999,0.3701263157894737,0.07939493340657469,0.6971499999999999,0.2721842105263158,-0.007577865331400646,-2.055720834307605,0.022026030603368402,-0.03499999999999992,-10.482756013303389,0.6618881118881119
synthetic,classification_hard,tree,classification,15,325143672,0.4089017422340743,0.6009000000000001,0.4345894736842105,0.2962098688316387,0.6163000000000001,0.4027578947368422,0.4168795517052046,0.6226,0.41502105263157885,0.07200629227564584,0.6847,0.29730526315789474,-0.12066968287356589,-33.844193841137276,0.030541110845150946,-0.006299999999999972,-31.964265411006895,0.7741258741258742
synthetic,classification_hard,tree,classification,16,2498779672,0.37675905069839644,0.6390499999999999,0.38575263157894735,0.3645077674097824,0.6593,0.36088421052631586,0.3761428315916026,0.66325,0.3599105263157895,0.07212948418551504,0.7145,0.23251578947368426,-0.011635064181820198,-3.1418496650128116,0.013258997608437054,-0.003950000000000009,-3.305498907905007,0.6604895104895105
synthetic,classification_hard,tree,classification,17,1865462472,0.4351385041164892,0.5880000000000001,0.4446,0.33945662081502054,0.5742999999999999,0.44334736842105266,0.4284503063671396,0.5939,0.42577894736842103,0.07213543052016089,0.6363999999999999,0.3222315789473684,-0.08899368555211906,-23.17824788446225,0.01660689683033428,-0.019600000000000062,-24.705005291617066,0.7017482517482518
synthetic,classification_hard,tree,classification,18,961284291,0.37125685600684083,0.6346,0.3946736842105263,0.29368307392505644,0.6518499999999999,0.35962631578947374,0.3663390737262547,0.6504000000000001,0.3615894736842105,0.06327747146499484,0.7165999999999999,0.23286315789473688,-0.07265599980119825,-22.01623083702407,0.03459337784427918,0.0014499999999998403,-23.332568429069813,0.6723776223776224
synthetic,classification_hard,tree,classification,19,3277139366,0.33860472166617234,0.6804500000000002,0.3322473684210526,0.2681830091390153,0.66845,0.29607894736842105,0.34004096219546326,0.6860999999999999,0.3211157894736842,0.06159748780325301,0.7425499999999999,0.19237368421052634,-0.07185795305644793,-23.628780331951543,0.025525244495766337,-0.017649999999999944,-23.211317220837564,0.7223776223776225
synthetic,classification_hard,tree,classification,20,769815441,0.40092914981156275,0.6194000000000001,0.4003578947368421,0.33637799518527756,0.6131500000000001,0.37782631578947373,0.40830162662017755,0.63585,0.3888578947368422,0.0711565636626959,0.6908,0.2760947368421053,-0.07192363143489999,-19.316664328889015,0.017591003291779837,-0.022699999999999942,-17.509976694057894,0.7108391608391609
synthetic,classification_hard,tree,classification,21,3929941978,0.3856313487273952,0.63285,0.3965631578947368,0.29554963869330575,0.6279999999999999,0.38347368421052624,0.3745919610990817,0.64655,0.3624789473684211,0.06311697742453508,0.7019499999999999,0.23760526315789476,-0.07904232240577597,-23.58973758091233,0.027295166414825066,-0.018550000000000066,-26.448685943271787,0.6783216783216786
synthetic,classification_hard,tree,classification,22,2014874083,0.42623587443358896,0.5911000000000001,0.41677894736842114,0.33166757934441415,0.6083999999999999,0.3855052631578948,0.4077198403867253,0.618,0.399578947368421,0.0689633323585072,0.6671,0.2658315789473684,-0.07605226104231116,-20.57169462525228,0.03124354616687622,-0.009600000000000053,-24.95523529224468,0.6265734265734266
synthetic,classification_hard,tree,classification,23,4030107139,0.4006784979428388,0.65135,0.3784684210526315,0.3206771946559493,0.67255,0.32605789473684205,0.36110147376544266,0.68445,0.3225947368421052,0.07321816612719415,0.7458500000000001,0.19547894736842109,-0.040424279109493366,-11.858475772817236,0.030411373291824008,-0.011900000000000022,-22.18081983900986,0.5713286713286714
synthetic,classification_multiclass,tree,classification,0,951416427,0.5040990496359719,0.56315,0.4852210526315789,0.4421868883633649,0.5739,0.46407894736842104,0.4917331618849884,0.5717000000000001,0.4761,0.0933742198434538,0.66815,0.2896315789473684,-0.049546273521623496,-10.610388653385879,0.0320542931681141,0.0021999999999998687,-13.085296692351431,0.7038461538461539
synthetic,classification_multiclass,tree,classification,1,1340426112,0.5164423317859536,0.5052000000000001,0.5499473684210526,0.4375222920400065,0.5047499999999999,0.5269789473684211,0.5326007567026763,0.5146500000000002,0.5407263157894737,0.0895595785473552,0.6211,0.32441578947368416,-0.09507846466266978,-19.601320633685628,0.021248818689767322,-0.009900000000000242,-16.545695254281284,0.7300699300699302
synthetic,classification_multiclass,tree,classification,2,546751141,0.5040763426531663,0.5588,0.5097684210526315,0.472310945542207,0.5519499999999999,0.5141526315789473,0.5032614384628933,0.57125,0.49365263157894745,0.09845083182534017,0.67465,0.3146315789473684,-0.0309504929206863,-6.345094106420399,0.01852095669242246,-0.019300000000000095,-6.5067207439110115,0.7272727272727274
synthetic,classification_multiclass,tree,classification,3,2666464926,0.5170337023135163,0.5543999999999999,0.5128315789473685,0.47894612325115593,0.5583499999999999,0.49548947368421054,0.48473367833651543,0.5736,0.4543,0.09331259840756168,0.6806,0.26799473684210523,-0.005787555085359497,-1.2011365343186495,0.01947412174334155,-0.015250000000000097,-7.648263164520741,0.68006993006993
synthetic,classification_multiclass,tree,classification,4,4006436660,0.4733436064753805,0.5874499999999999,0.4474315789473684,0.42656154779851485,0.59155,0.42657894736842106,0.4552938918343199,0.6042500000000001,0.416557894736842,0.08132405372634884,0.6894,0.23788421052631575,-0.028732344035805046,-6.516338788536115,0.022361578633108673,-0.012700000000000045,-10.397108729666646,0.6867132867132868
synthetic,classification_multiclass,tree,classification,5,3885968248,0.5545108229104923,0.5042500000000001,0.5320105263157896,0.4726001834012028,0.5219,0.490721052631579,0.5600691461900641,0.5355000000000001,0.4957842105263158,0.09497858691969555,0.6155,0.31648947368421054,-0.08746896278886129,-16.94036227908148,0.019124321297267512,-0.013600000000000056,-15.949715075768982,0.6482517482517485
synthetic,classification_multiclass,tree,classification,6,823432965,0.4760928922360535,0.53995,0.49573157894736836,0.4010698098621249,0.5499500000000002,0.46249473684210524,0.46240637720917027,0.5493499999999999,0.48028421052631576,0.08270929308863563,0.6518,0.2748052631578947,-0.061336567347045345,-14.206892619722222,0.02354911997187817,0.000600000000000267,-17.105853268606364,0.7461538461538463
synthetic,classification_multiclass,tree,classification,7,1296591479,0.5274154397010667,0.5759000000000001,0.48070526315789475,0.4513062001463873,0.60095,0.426142105263158,0.48273137835372487,0.6088,0.4372000000000001,0.09261947404199448,0.7087,0.24872631578947366,-0.03142517820733759,-6.72888948596704,0.028306538228856693,-0.007850000000000024,-15.552785686140961,0.6755244755244755
synthetic,classification_multiclass,tree,classification,8,843472803,0.418317190660363,0.5626499999999999,0.44358947368421053,0.39828133255173354,0.5701,0.4375526315789473,0.4484748911544319,0.5779500000000001,0.42871052631578954,0.09036309710383775,0.6445500000000001,0.27318947368421054,-0.05019355860269836,-11.85549209972294,0.010793884808742436,-0.007850000000000024,-4.907150218645573,0.7227272727272729
synthetic,classification_multiclass,tree,classification,9,2953658965,0.49411450203275786,0.5282,0.5283473684210527,0.46069393957693133,0.56065,0.4784736842105263,0.48818185250147283,0.58165,0.4544157894736842,0.1004429273441316,0.6569,0.3071315789473684,-0.027487912924541502,-5.793785267581201,0.024486203585234442,-0.02100000000000002,-7.000474859540117,0.6923076923076923
synthetic,classification_multiclass,tree,classification,10,2439842576,0.4668133970934939,0.5706,0.49104210526315784,0.45441663258887577,0.5754,0.47552105263157907,0.4888678662532379,0.5946499999999999,0.4532842105263158,0.10304311143205167,0.68875,0.2815,-0.034451233664362146,-7.304526620897768,0.023618216892328046,-0.01924999999999988,-2.6913504999163784,0.6986013986013987
synthetic,classification_multiclass,tree,classification,11,325796542,0.4836800448790454,0.5762,0.48462631578947374,0.4165892003922453,0.5733499999999999,0.4781368421052632,0.45765895142109686,0.59745,0.4472052631578947,0.09055323699066185,0.7012,0.27049473684210523,-0.041069751028851575,-9.395444747275883,0.020417135397793454,-0.02410000000000012,-14.904617666147802,0.6832167832167833
synthetic,classification_multiclass,tree,classification,12,1994476580,0.5054762429097837,0.4849500000000001,0.5434368421052631,0.4658525354043034,0.4863500000000001,0.5308526315789474,0.5295619196357223,0.5085,0.5343105263157895,0.09325264564911993,0.6044,0.3283473684210526,-0.06370938423141892,-12.80057445596511,0.023064564867653976,-0.022149999999999836,-8.158660258013612,0.6643356643356644
synthetic,classification_multiclass,tree,classification,13,564460507,0.528923957154734,0.55865,0.5054473684210526,0.4748520969800726,0.56795,0.4782368421052632,0.5008940458761696,0.57875,0.4675,0.09287641147510904,0.6878000000000001,0.28572631578947366,-0.02604194889609701,-5.337853310875716,0.018783193931859635,-0.010800000000000032,-10.77368999826719,0.7409090909090911
synthetic,classification_multiclass,tree,classification,14,3617672838,0.5420071556053173,0.52285,0.5313157894736842,0.47444308382772765,0.5425000000000001,0.4834736842105262,0.5315633288373358,0.55585,0.49087368421052635,0.09344419797613517,0.6355999999999999,0.30174736842105265,-0.05712024500960816,-11.355841133912453,0.01456210403401702,-0.013349999999999862,-13.294122851557496,0.6594405594405595
synthetic,classification_multiclass,tree,classification,15,1180591339,0.5599045948216986,0.56505,0.5084368421052631,0.491075386373576,0.56505,0.49789473684210533,0.5118636913232714,0.58765,0.47087894736842095,0.09830857741240287,0.7026499999999999,0.27588421052631584,-0.020788304949695358,-4.145477110620455,0.02479001658019085,-0.022599999999999953,-13.098100759225401,0.7216783216783218
synthetic,classification_multiclass,tree,classification,16,2710486881,0.48158168235351045,0.5493500000000001,0.4623578947368422,0.40414851442845684,0.56965,0.4174315789473685,0.43735868958808244,0.5738,0.4113421052631579,0.08334505930049069,0.6571499999999999,0.2325473684210526,-0.0332101751596256,-7.893022187121497,0.03336025655896891,-0.004149999999999987,-17.4845947911415,0.7227272727272729
synthetic,classification_multiclass,tree,classification,17,2067850401,0.536236825980894,0.53535,0.5162315789473685,0.46928740106924977,0.5431499999999999,0.4855157894736842,0.5222568800254156,0.5527,0.490563157894737,0.09882747391083496,0.6515,0.2943105263157895,-0.05296947895616583,-10.684238710486536,0.0279654639361439,-0.009550000000000058,-13.31632259285296,0.6912587412587414
synthetic,classification_multiclass,tree,classification,18,508878890,0.5194234718105847,0.53015,0.5250894736842106,0.47032331797929305,0.5602,0.46648947368421056,0.5239779351616339,0.56425,0.4783842105263158,0.09537775461565448,0.6574500000000001,0.29455789473684213,-0.05365461718234088,-10.792426744480057,0.02819268810681629,-0.004049999999999998,-9.921760664000848,0.6174825174825175
synthetic,classification_multiclass,tree,classification,19,180836602,0.5385043841679129,0.51315,0.5404210526315789,0.47049544154337414,0.52885,0.4989368421052632,0.5275601812917039,0.5387,0.5053052631578946,0.09716947320926338,0.6323,0.32020526315789477,-0.05706473974832976,-11.435182256923033,0.029800354011793838,-0.009849999999999914,-13.480466674331952,0.6898601398601399
synthetic,classification_multiclass,tree,classification,20,2269000679,0.5108359033921279,0.5284500000000001,0.5139842105263158,0.46930881497563026,0.54335,0.49066315789473686,0.5044530504210631,0.5511500000000001,0.4704210526315789,0.10080636914088015,0.6487,0.2893684210526316,-0.03514423544543288,-7.218240248321028,0.017464381568082457,-0.00780000000000014,-8.473664682018184,0.6996503496503498
synthetic,classification_multiclass,tree,classification,21,2350260736,0.5189258102782522,0.55025,0.48595263157894747,0.4397890632806563,0.5557500000000001,0.46250526315789475,0.5187655122965737,0.56755,0.4628157894736843,0.09642795205744883,0.6627500000000001,0.2626,-0.07897644901591744,-16.478237343629345,0.02764597930711445,-0.011799999999999922,-16.50892234597909,0.7395104895104895
synthetic,classification_multiclass,tree,classification,22,2323091599,0.4987790944762745,0.5689,0.46648421052631583,0.4308675596656834,0.5896499999999999,0.4315473684210526,0.4839959084137099,0.5926499999999999,0.434078947368421,0.09912601776725745,0.67065,0.2532210526315789,-0.053128348748026466,-11.614486882848384,0.027097665620876187,-0.0030000000000000027,-14.610182160720374,0.7461538461538462
synthetic,classification_multiclass,tree,classification,23,854528833,0.5155393911766366,0.5714,0.4735052631578947,0.4857952016595133,0.5771499999999999,0.45277894736842106,0.5264438333969989,0.5747000000000001,0.4726684210526315,0.09599093260148016,0.67555,0.26904736842105265,-0.04064863173748556,-8.031429401498272,0.023519496195995318,0.002449999999999841,-5.94090920855471,0.6020979020979021
synthetic,regression_linear,tree,regression,0,3624009887,13545.649165492305,0.4834937661329036,,11610.172373806,0.5180501338152244,,12263.25143867115,0.5067348335926436,,2495.6381877555837,0.7130549382849569,,-653.0790648651491,-5.47118058972191,556.6821459334536,0.01131530022258076,-15.387903660094832,0.6220279720279721
synthetic,regression_linear,tree,regression,1,1964950919,34066.47686805869,0.297882843086726,,32627.25387929496,0.29381499261313626,,33617.190844060606,0.2910108888437945,,6885.087459030047,0.5837764159157669,,-989.9369647656458,-2.988739565709205,1453.560478268632,0.002804103769341759,-4.3159168714544895,0.6506993006993007
synthetic,regression_linear,tree,regression,2,4179747810,17754.54170058229,0.46656081396317983,,16247.093215499212,0.48065457812067053,,17550.03508852149,0.4682578311405986,,3636.5414059982786,0.7041225199116814,,-1302.9418730222787,-7.710370308990265,1210.785060520775,0.012396746980071927,-8.866917657363064,0.6860139860139861
synthetic,regression_linear,tree,regression,3,1458729268,25216.46141439443,0.24622691656716017,,23932.158266778308,0.2709256570544893,,25815.163499405266,0.24240922020383118,,4371.454575667684,0.6210684704703026,,-1883.0052326269579,-7.57027781908435,1901.3852463419962,0.028516436850658106,-5.226202306178289,0.5692307692307693
synthetic,regression_linear,tree,regression,4,999770545,6870.447790075941,0.5871017033928712,,6139.063619429677,0.6077174140386813,,6286.823178811233,0.6060471733468455,,1416.661024214624,0.7612376475229878,,-147.75955938155676,-2.3782537501061825,453.3561786147689,0.0016702406918357449,-11.243837644999738,0.6569930069930071
synthetic,regression_linear,tree,regression,5,4239582958,15995.588200453487,0.49328365505221694,,15286.058945643907,0.4966259104500755,,15606.80962268603,0.502477150571225,,3589.034223353151,0.7233703301532827,,-320.75067704212415,-2.0765354070806112,923.9318263325576,-0.005851240121149515,-4.536393186048064,0.5367132867132868
synthetic,regression_linear,tree,regression,6,903198886,18825.829303978866,0.395109157078027,,17868.456517892384,0.4170834723899417,,19505.715431631015,0.40912193730187074,,4365.607664562661,0.6558777411323852,,-1637.2589137386312,-8.761445823869336,1303.7446108398105,0.007961535088070959,-5.218102844317246,0.6038461538461538
synthetic,regression_linear,tree,regression,7,379477469,16381.493906639029,0.4792971400364892,,15524.133565523121,0.4935413315722875,,14457.780591674991,0.5026590651763059,,3477.598742627358,0.7107982354597819,,1066.3529738481302,7.113308164763177,768.4504448738859,-0.009117733604018352,-5.374351856041442,0.5818181818181818
synthetic,regression_linear,tree,regression,8,4227826343,7809.869570144532,0.35707599330860906,,6534.411365057931,0.3967209796535844,,7357.517695638804,0.38795482651067276,,1528.676020110116,0.6178715995821505,,-823.106330580873,-11.850137255733882,382.011852979292,0.008766153142911626,-17.78350843584616,0.6248251748251749
synthetic,regression_linear,tree,regression,9,2040357380,17124.14533816297,0.3759510255934767,,15626.957133523996,0.3904760882899213,,16525.87712008212,0.3805850233540862,,3453.9508108746973,0.6416719259673558,,-898.919986558125,-5.591544306594409,982.4096727971879,0.009891064935835081,-9.142826296814151,0.5486013986013987
synthetic,regression_linear,tree,regression,10,1477567130,26904.359354663586,0.4111942725942366,,25711.095643872097,0.41915855781829336,,26288.033782913513,0.421746874017912,,5573.09750983748,0.6873371942807979,,-576.9381390414164,-2.2190299930068678,686.6832040335211,-0.0025883161996186344,-4.5357916635889515,0.563986013986014
synthetic,regression_linear,tree,regression,11,2781848237,5904.267080657736,0.5526820521179375,,4989.721823516102,0.5889167065853967,,5185.780113206971,0.5913084731206579,,1218.0270883987016,0.7350508497111483,,-196.05828969086906,-3.8535354994784234,204.13518014243053,-0.002391766535261186,-16.789906161759404,0.6066433566433566
synthetic,regression_linear,tree,regression,12,4086601280,32256.420983248594,0.2763958659262295,,28267.01477152292,0.30503261355078837,,29044.55773104415,0.2847510747514911,,5461.859385788304,0.5873533809093007,,-777.5429595212299,-2.7133890262264315,1674.2830793187015,0.020281538799297283,-13.183013032802446,0.509090909090909
synthetic,regression_linear,tree,regression,13,3124725737,14298.947873878362,0.5526699154550218,,12747.958601515613,0.5703115883721115,,13265.427412679657,0.5657157077380621,,3038.6904778325475,0.7318631357451867,,-517.4688111640444,-3.978481008828811,699.9514464403627,0.004595880634049365,-11.468884796668094,0.6468531468531469
synthetic,regression_linear,tree,regression,14,2538923854,20074.927831561472,0.41243598391590125,,19622.032882300537,0.4099960441821694,,19892.1500774812,0.4244768783052185,,4162.199548297668,0.6709630851629811,,-270.11719518066457,-1.367191094172919,1113.8707066722034,-0.014480834123049124,-2.2817613294147554,0.5807692307692308
synthetic,regression_linear,tree,regression,15,2849377183,15681.540338322544,0.44924957480573696,,14264.478402085633,0.4530549307136448,,14272.751531383134,0.464982874478174,,3268.3186165637408,0.6712401703689541,,-8.273129297500418,-0.057981305941664674,528.0323985250881,-0.011927943764529214,-9.46410905917703,0.5993006993006993
synthetic,regression_linear,tree,regression,16,3618449075,13617.632444223116,0.4060509576601068,,12534.177349831412,0.4312183725064556,,13039.926262130526,0.4165055850318852,,2619.380699017903,0.6686014867203813,,-505.7489122991137,-3.9551643332089776,553.379753462704,0.014712787474570443,-8.28588998561791,0.5555944055944055
synthetic,regression_linear,tree,regression,17,4252845164,28333.158109038854,0.41024207065494256,,25373.537347124082,0.42425154397252146,,25662.405280767198,0.4308115063854353,,5460.42914728963,0.6692461135292409,,-288.867933643116,-1.132017628240098,1296.0254486598583,-0.0065599624129138445,-11.02142195410442,0.6024475524475525
synthetic,regression_linear,tree,regression,18,3570965497,12836.858189341354,0.3998664944852059,,11492.830120289791,0.4148863953527645,,12122.645648120726,0.4176311846145199,,2576.118080147585,0.6770135545958101,,-629.815527830935,-5.333921992572465,951.6714911521759,-0.0027447892617554204,-11.048461056687819,0.5923076923076924
synthetic,regression_linear,tree,regression,19,1545729578,18797.84125339192,0.4349868044135355,,16696.17325633518,0.45738234450252513,,16674.833190335048,0.4574526239156237,,3909.4692319182545,0.6814311103429262,,21.34006600013163,0.12789584895639816,576.31391796461,-7.027941309856178e-05,-11.842379770711943,0.6702797202797204
synthetic,regression_linear,tree,regression,20,1697474199,16843.636879619964,0.41974051301346077,,14839.992642471827,0.4360417807926635,,16105.078225861087,0.4245562790693215,,3378.0199120573134,0.6520670951621425,,-1265.0855833892601,-8.176330174017233,776.175649505865,0.011485501723342006,-12.647820135323022,0.5597902097902099
synthetic,regression_linear,tree,regression,21,3538072859,9796.74309259981,0.444833613072347,,7874.779764773694,0.4814820326694321,,8125.538127708977,0.4815839100490387,,1788.6509335684698,0.6873868394976632,,-250.758362935283,-3.1344172612107317,501.66290275266584,-0.00010187737960659637,-21.75209622100192,0.6293706293706294
synthetic,regression_linear,tree,regression,22,2047806159,24316.243023137755,0.3088547687436059,,24240.018217197252,0.31352706604837144,,24653.092994076997,0.3140000322308224,,5004.74223769981,0.5975183809532448,,-413.0747768797446,-1.6897054273956442,1507.6597642732895,-0.00047296618245096234,-0.31396488936089656,0.5020979020979021
synthetic,regression_linear,tree,regression,23,2901376484,15557.937726331678,0.43275173897382013,,14139.9588188981,0.4436775649611307,,15012.813600606001,0.42073480964868504,,2866.4467949451946,0.6691181307225048,,-872.8547817079016,-5.988142528248427,583.0166106285294,0.022942755312445662,-9.549355829117408,0.5891608391608394
synthetic,regression_friedman1,tree,regression,0,1156328778,10.320708000720787,0.5210970576047511,,8.962819130507972,0.5243586217628176,,9.336506397232677,0.5289014306331018,,2.257699073998289,0.6817671288921379,,-0.37368726672470487,-4.084164371612691,0.34681331026717604,-0.004542808870284243,-14.083407677154437,0.6527972027972028
synthetic,regression_friedman1,tree,regression,1,1335124464,11.904018549897954,0.5069564264942665,,9.671273200891903,0.5443594121350123,,10.925133503462389,0.5235911484377734,,2.3658019262831695,0.690994094267302,,-1.2538603025704855,-12.17552479487023,0.7236836580742622,0.02076826369723883,-20.697243632168366,0.6776223776223778
synthetic,regression_friedman1,tree,regression,2,1590861341,10.446242591052677,0.5393103757956719,,8.722980437170849,0.5764834955171612,,8.517307917665224,0.5844845869607248,,2.2715155723438523,0.7112911124060662,,0.20567251950562415,2.3859521983915184,0.5590260242482005,-0.008001091443563646,-17.97946793508123,0.6122377622377624
synthetic,regression_friedman1,tree,regression,3,2835248777,12.876123554646165,0.5185745517651241,,10.225923731902594,0.5588189340225174,,10.608678813978893,0.5532189235262448,,2.7565047026061285,0.7005963858248105,,-0.38275508207629905,-3.6742249460569694,0.5996476194474796,0.005600010496272567,-22.943419601488383,0.6632867132867133
synthetic,regression_friedman1,tree,regression,4,497596286,12.718959783548952,0.519107396699036,,11.005634373457836,0.5428490353939484,,11.59860951550063,0.5427314447878486,,2.5220047671993933,0.7153399413308721,,-0.5929751420427944,-5.246582411300615,0.685699475879422,0.00011759060609972671,-14.443453900644322,0.5706293706293708
synthetic,regression_friedman1,tree,regression,5,1464082521,12.269767856449267,0.4961106965446877,,11.28203269344051,0.4985855912712475,,10.694768675780075,0.5207316009161317,,2.6597238852339595,0.6846185545909789,,0.5872640176604342,5.344399376361673,0.6358559127457358,-0.022146009644884168,-8.38776772855594,0.5223776223776225
synthetic,regression_friedman1,tree,regression,6,3856701660,12.337053845238858,0.5261640380825361,,11.673072601707284,0.5393967991792835,,10.494861405139938,0.550123867627891,,2.96882802767912,0.7105796614604823,,1.1782111965673465,10.629869217432903,0.791017845210122,-0.01072706844860749,-5.530843371431102,0.5468531468531468
synthetic,regression_friedman1,tree,regression,7,2407032726,12.678531094064972,0.48740583431006224,,10.637415092251093,0.5017401656449403,,10.686832824057348,0.502570369087587,,2.842019862149396,0.6974471905300612,,-0.04941773180625475,-0.4634886257204022,0.585823771761221,-0.0008302034426467264,-17.508326580473867,0.6416083916083917
synthetic,regression_friedman1,tree,regression,8,2408780383,10.60712232812817,0.5558556245379347,,9.690486161457503,0.572270154013154,,10.36792007568879,0.5542450497046018,,2.41660383414748,0.7147823535771352,,-0.6774339142312868,-6.75461356422967,0.6667223097816064,0.018025104308552198,-9.031962234772397,0.622027972027972
synthetic,regression_friedman1,tree,regression,9,2014095578,11.931175734624482,0.5456211626734511,,10.865148075930614,0.5710726684576598,,10.991708877380272,0.5753450025897231,,2.8530221678072687,0.7245835396677112,,-0.1265608014496582,-1.1580878414495612,0.928802701102715,-0.0042723341320632935,-9.352627796945736,0.5874125874125875
synthetic,regression_friedman1,tree,regression,10,1442150612,11.959797319078977,0.516783182582918,,10.315883006233484,0.534105727081162,,10.945685742081853,0.535474061384567,,2.8783490910125864,0.6990062126459893,,-0.6298027358483687,-5.92432988650728,1.0059806561449054,-0.0013683343034049944,-14.759722610828348,0.648951048951049
synthetic,regression_friedman1,tree,regression,11,608533797,11.346904197158754,0.5362952697202756,,10.00130187881732,0.5550348204846886,,10.42132416611086,0.5541478062597028,,2.4597592874940735,0.7155418049765945,,-0.4200222872935413,-4.113303415236857,0.5823564750283852,0.000887014224985716,-12.606233175308258,0.6157342657342658
synthetic,regression_friedman1,tree,regression,12,3026121870,12.212103890380417,0.5286093079878382,,11.216620303905259,0.5376743247576872,,11.865650172249634,0.5271453216548851,,2.6518633105958758,0.7134236225055466,,-0.6490298683443747,-5.623622416303059,0.7818170001913981,0.010529003102802026,-8.497975205307673,0.6346153846153847
synthetic,regression_friedman1,tree,regression,13,4185226396,11.502151203508694,0.5058293399603369,,10.527260416782527,0.520681829209512,,10.130973437587212,0.5376353240926378,,2.496425178532502,0.6990396501677741,,0.39628697919531497,3.8366007664444193,0.4652756199266167,-0.016953494883125808,-8.850810938846848,0.6066433566433567
synthetic,regression_friedman1,tree,regression,14,510757115,12.132223171896975,0.5321202858165082,,10.541915551207586,0.5690477338042776,,10.887632985996602,0.5591149052301506,,2.4901336168898007,0.7317859764034107,,-0.34571743478901595,-3.226548932552735,1.1129792005971932,0.009932828574127028,-14.027501905233493,0.6531468531468532
synthetic,regression_friedman1,tree,regression,15,3319255269,12.329177328544853,0.5416995123809676,,10.4841258876267,0.5722943334320265,,10.83620810862005,0.5622992058446361,,2.551024048198349,0.7315434877147959,,-0.35208222099335096,-3.3027833527873605,0.6533077005703785,0.009995127587390407,-16.175223933465812,0.6555944055944056
synthetic,regression_friedman1,tree,regression,16,2753413573,12.753054252101167,0.5475063954792112,,11.777796940577494,0.5533236556357455,,12.45630245301408,0.5517066516222383,,2.675196217502697,0.7438996504743058,,-0.6785055124365869,-5.599593378048204,0.6691978420275706,0.0016170040135071728,-7.951271677150309,0.6580419580419582
synthetic,regression_friedman1,tree,regression,17,1533598694,12.22168454569762,0.5191839589489572,,10.23757000186852,0.5548310693258032,,11.238233124632503,0.5469975582252193,,2.5202474643021704,0.712932574705641,,-1.0006631227639833,-9.318982082948699,0.8758367512896914,0.007833511100583834,-17.668569895113592,0.6832167832167834
synthetic,regression_friedman1,tree,regression,18,580343937,13.376086635482324,0.5232815498917357,,10.979186650710627,0.5679333638846249,,11.720911125570574,0.558839831164663,,2.5655222318888637,0.7338770087368838,,-0.7417244748599465,-6.534989251323464,0.6446955969778667,0.009093532719961939,-19.68280098199927,0.6465034965034966
synthetic,regression_friedman1,tree,regression,19,2940429054,11.681549898533278,0.5174292215650306,,10.386803187042196,0.5429403783490434,,10.98560703145803,0.5362876000211403,,2.655442530015569,0.7024815954808754,,-0.5988038444158352,-5.603521907861408,0.544702932008143,0.006652778327903119,-11.733967699994501,0.675874125874126
synthetic,regression_friedman1,tree,regression,20,3149366751,11.497244302631936,0.5134760565774465,,9.987036523406623,0.5421998683709297,,10.005335574496405,0.545652711903212,,2.4481688006909414,0.7045268471802034,,-0.018299051089782026,-0.1830603292112734,0.2679579289111439,-0.003452843532282257,-14.058723133007726,0.6891608391608391
synthetic,regression_friedman1,tree,regression,21,1716214289,10.531106846838403,0.5437126976577991,,9.716763974184124,0.5548827300320409,,10.426105591698482,0.55316744400082,,2.491984332736065,0.7124861937959085,,-0.7093416175143581,-7.043103915202031,0.3900764211852519,0.0017152860312209528,-8.043738325402401,0.6300699300699302
synthetic,regression_friedman1,tree,regression,22,4078116334,11.993649812433304,0.5150192121025886,,9.993387440015406,0.550916027395038,,10.71008067812209,0.5471949339162361,,2.5485597071761403,0.7027013671530888,,-0.716693238106684,-6.923412386920984,0.3699223281684947,0.0037210934788018957,-18.194924122349665,0.6576923076923078
synthetic,regression_friedman1,tree,regression,23,961328508,13.681565606097166,0.5387733495043477,,11.070904926815494,0.5710197364472513,,11.18187540935788,0.5755270126185483,,2.698354428507339,0.739705862866807,,-0.1109704825423865,-0.9973628541328529,0.8872057007365292,-0.004507276171296981,-21.094142306404123,0.6727272727272727
synthetic,regression_heteroscedastic,tree,regression,0,2432278914,6.09173964157518,0.49710758365597074,,5.355240368555512,0.5207689576552433,,5.794010729107294,0.5106389670905451,,1.3650143929632406,0.6426527033614742,,-0.4387703605517821,-7.870849023101841,0.34692618442797,0.01012999056469821,-12.868010119138136,0.6192307692307694
synthetic,regression_heteroscedastic,tree,regression,1,1540273024,6.880427187305148,0.5119688490699245,,6.045162781860223,0.5354170452638988,,6.4924552424427135,0.515533236179363,,1.5098819528600662,0.6690979327561324,,-0.4472924605824904,-7.135206379959224,0.5147194350726237,0.019883809084535797,-12.924197772596676,0.5814685314685315
synthetic,regression_heteroscedastic,tree,regression,2,1374234397,7.051356472316193,0.49687467324198026,,5.922801436437768,0.5268870242498451,,6.897244828159526,0.4997653060591175,,1.6082243571450652,0.6517528946781006,,-0.9744433917217581,-15.201870127609363,0.6252955436975098,0.027121718190727617,-17.39696778496834,0.6423076923076924
synthetic,regression_heteroscedastic,tree,regression,3,3434173527,6.9363185639097615,0.50949560696824,,5.990043513966002,0.5428475129514171,,6.1548387473525725,0.5310407608171508,,1.6015730885540411,0.6580507645781126,,-0.16479523338657032,-2.7138218360739947,0.37381291302082076,0.011806752134266296,-14.641011047700191,0.5423076923076924
synthetic,regression_heteroscedastic,tree,regression,4,145164502,6.980462178708124,0.4988177878122403,,5.8901136564011916,0.5266422937678625,,6.737765062284848,0.5058186618329066,,1.6270655458907084,0.6439668469226044,,-0.8476514058836564,-13.425079932536072,0.5148383025419769,0.020823631934955955,-16.943274897345283,0.5685314685314686
synthetic,regression_heteroscedastic,tree,regression,5,2071800757,6.260007514756297,0.4872648723220908,,4.80753200334423,0.5322028575106896,,5.660776229564445,0.5067103089498712,,1.514765287514698,0.6312793325456119,,-0.8532442262202151,-16.301473117459718,0.46301301613215345,0.025492548560818395,-26.247487240259684,0.6566433566433567
synthetic,regression_heteroscedastic,tree,regression,6,2837379166,6.800204293045204,0.5395767256921395,,6.2944316812538235,0.5498036944972615,,6.653949577132356,0.5396408224483163,,1.3867414309706223,0.691077535141474,,-0.35951789587853256,-5.5530940695106015,0.35640886348642287,0.01016287204894517,-7.724882353111083,0.6192307692307694
synthetic,regression_heteroscedastic,tree,regression,7,640567663,6.929901338882935,0.48209063881173264,,5.105132671742654,0.5333749011018297,,6.3010706071302875,0.5019315551063788,,1.6463001059861846,0.6332078352447892,,-1.1959379353876338,-20.969956542906814,0.35735109401202386,0.031443345995450955,-30.324279358566248,0.6506993006993008
synthetic,regression_heteroscedastic,tree,regression,8,1717842448,6.079470265272197,0.5212683953502155,,4.875723962524355,0.5543264315598011,,5.46233383298541,0.5352228787759564,,1.414895198162228,0.6486501202035011,,-0.5866098704610545,-11.34855080256647,0.4118240901552544,0.01910355278384468,-21.975809423690237,0.6458041958041959
synthetic,regression_heteroscedastic,tree,regression,9,1414878923,7.243589043157988,0.4947262399064484,,5.526963427329978,0.5300461802407582,,5.948293548662327,0.5297688920819291,,1.3548175818662502,0.6510194690618569,,-0.4213301213323488,-7.343279932010672,0.2669625093400066,0.0002772881588291032,-26.88412454817497,0.710839160839161
synthetic,regression_heteroscedastic,tree,regression,10,1320133486,7.092966485577229,0.5112343373652073,,6.241634492172381,0.5261176997246885,,6.884615570056359,0.5198780339843012,,1.819911945839292,0.6540673379214544,,-0.6429810778839773,-9.79687381903806,0.5211579668834974,0.006239665740387257,-12.768765931959981,0.6209790209790211
synthetic,regression_heteroscedastic,tree,regression,11,3938276630,6.456035663855399,0.5098046155655328,,5.213871206540163,0.5519346393724482,,6.02768731904768,0.5237579095755565,,1.491609177171604,0.6481942399401734,,-0.8138161125075172,-14.478706144795188,0.33106676292941967,0.028176729796891786,-21.288335393084967,0.68986013986014
synthetic,regression_heteroscedastic,tree,regression,12,2295078088,6.770249364491296,0.4832148820650851,,5.826034821672671,0.5152776503211427,,6.207115662132238,0.5044593216057504,,1.7698766575121292,0.638895316477505,,-0.3810808404595667,-6.333849825487566,0.30221085800066894,0.010818328715392345,-14.991953640673987,0.6013986013986015
synthetic,regression_heteroscedastic,tree,regression,13,2635770859,6.007522633340099,0.548670592473856,,5.352444797814056,0.5688724234328456,,5.639550141170799,0.5586374127659585,,1.3551028712800703,0.6779337857788464,,-0.2871053433567434,-5.223898754510498,0.31959379387856324,0.010235010666887145,-11.533093549714314,0.5276223776223776
synthetic,regression_heteroscedastic,tree,regression,14,1681510817,7.012369207452854,0.552093158189816,,5.950281197474966,0.5763557611307765,,5.881343663133106,0.5884049537086639,,1.6003719173822775,0.6882509597406491,,0.06893753434185967,1.1653096705487789,0.33778671752704176,-0.012049192577887391,-16.38689583997621,0.6412587412587413
synthetic,regression_heteroscedastic,tree,regression,15,1229657739,6.897105106190462,0.4792560431285257,,6.065156161865745,0.5109013758351579,,6.596773631418157,0.4928674176860593,,1.611503991191524,0.6354296244523989,,-0.5316174695524118,-8.397100256145642,0.45551564427083835,0.01803395814909864,-12.836478560649688,0.6195804195804197
synthetic,regression_heteroscedastic,tree,regression,16,751533174,6.32741235953849,0.5106238511630943,,5.4569386129661535,0.5381721940357946,,6.163559683304652,0.5143502189058797,,1.5423653393730963,0.6488932291320687,,-0.7066210703384987,-12.161631150796074,0.27336673444209164,0.023821975129914907,-14.77338461156383,0.682867132867133
synthetic,regression_heteroscedastic,tree,regression,17,1425751303,6.6160104922642375,0.4682742141139923,,5.990915155862829,0.48954913977662634,,5.819923945982921,0.4756917827440259,,1.537788989698745,0.6239155461092977,,0.170991209879908,2.8954963894679797,0.29066501686820573,0.013857357032600437,-9.916697438352474,0.647902097902098
synthetic,regression_heteroscedastic,tree,regression,18,1089811860,7.039067357560803,0.4860873938697954,,5.79808400287464,0.5243171649021313,,5.773418069772113,0.5137475306536596,,1.6382354702418644,0.6453080688661318,,0.024665933102527404,0.42632206169385506,0.3890736746124586,0.010569634248471682,-19.334248227545526,0.6272727272727273
synthetic,regression_heteroscedastic,tree,regression,19,2556315423,6.502255272355954,0.5197126416945947,,5.525467769822528,0.5443298158580534,,5.299766711463822,0.5454660920056399,,1.4641980593731292,0.6600245726475463,,0.22570105835870624,4.169906134576152,0.4941883195498369,-0.0011362761475864902,-16.242267952264186,0.634965034965035
synthetic,regression_heteroscedastic,tree,regression,20,2131177285,5.924540227210009,0.5039293845597163,,5.324017196510769,0.5268457163673321,,5.523353804248506,0.5160919355030751,,1.3909221427468914,0.6429078519724547,,-0.1993366077377372,-3.675298055607841,0.33663153021936665,0.010753780864257045,-10.677334134115135,0.5335664335664336
synthetic,regression_heteroscedastic,tree,regression,21,2401700670,6.482790079208818,0.5057633268238292,,5.36882588844601,0.5419700877849107,,5.608659802338044,0.534481438233615,,1.5325471184194606,0.6542464786848666,,-0.239833913892034,-4.369560036746523,0.36621408240590153,0.00748864955129569,-18.798519860971098,0.5975524475524476
synthetic,regression_heteroscedastic,tree,regression,22,3451971348,6.08769615006465,0.5034083956186347,,5.1866487231451375,0.5351463393899547,,5.753118317034948,0.5235202855004677,,1.4927695090686703,0.6373095102733188,,-0.5664695938898108,-10.35615460199938,0.33776543892220756,0.011626053889487009,-15.984031658648128,0.5762237762237763
synthetic,regression_heteroscedastic,tree,regression,23,3736310747,6.384215191762697,0.516613534808695,,5.589699485839545,0.5509188878629208,,6.625665271643477,0.5215311440366336,,1.580052702816588,0.6587737491575252,,-1.0359657858039322,-16.96168401634194,0.38446948434220685,0.02938774382628717,-13.270776138222027,0.6153846153846154
real_repeated_split,breast_cancer,tree,classification,0,408732436,0.13497403063294935,0.9154970760233919,0.10203139427516157,0.09014409810836774,0.9192982456140353,0.08193290243151738,0.12792434565990468,0.9192982456140351,0.0951061865189289,0.0257670587686754,0.9374269005847952,0.05404739919975377,-0.037780247551536944,-34.649898810378666,0.011991716429067226,2.220446049250313e-16,-39.82791859121717,0.6409090909090909
real_repeated_split,breast_cancer,tree,classification,1,2148796374,0.08797106669584755,0.9345029239766081,0.07257617728531855,0.06055826437455831,0.9461988304093565,0.045614035087719294,0.07467489961299006,0.9453216374269005,0.05284702985534011,0.026278036889886832,0.9535087719298243,0.031363496460449364,-0.014116635238431756,-20.877475350249956,0.008402628009016921,0.0008771929824560321,-36.91230832823858,0.5545454545454546
real_repeated_split,breast_cancer,tree,classification,2,1324104813,0.11382145795308703,0.915204678362573,0.08975069252077564,0.0971735025513081,0.9198830409356727,0.06962142197599261,0.12435129060239063,0.9172514619883042,0.08984302862419205,0.03782826179837058,0.9333333333333332,0.05490920283164051,-0.02717778805108252,-24.537016975996885,0.012271095933098898,0.0026315789473685403,-15.780429411186942,0.5811188811188812
real_repeated_split,breast_cancer,tree,classification,3,2530345278,0.11577431896079891,0.9274853801169591,0.08156355801785165,0.09410309393224647,0.92046783625731,0.08150200061557403,0.10950815418566857,0.9260233918128655,0.07703908895044627,0.029049640675180278,0.9342105263157894,0.05586334256694366,-0.015405060253422101,-15.131836178815373,0.0176765681056665,-0.005555555555555536,-20.651317099659703,0.48391608391608393
real_repeated_split,breast_cancer,tree,classification,4,81834257,0.1400314053902346,0.9230994152046783,0.10184672206832869,0.09733810159460385,0.9257309941520466,0.08882733148661126,0.10171606231482976,0.9362573099415205,0.07411511234225915,0.02970447971906897,0.9488304093567249,0.051308094798399505,-0.004377960720225907,-4.39876326547764,0.017417026232554898,-0.010526315789473828,-35.972020448572366,0.526923076923077
real_repeated_split,breast_cancer,tree,classification,5,2382507948,0.10459227650244964,0.9298245614035088,0.0807017543859649,0.06719236394094413,0.9438596491228068,0.05084641428131732,0.09503996829115409,0.9403508771929822,0.06463527239150507,0.021216180009943904,0.9564327485380115,0.029024315173899654,-0.027847604350209956,-34.33052335137449,0.01747933079120277,0.0035087719298246833,-43.542789931594,0.5346153846153847
real_repeated_split,breast_cancer,tree,classification,6,1000009030,0.10948596233721851,0.9058479532163742,0.0889504462911665,0.08615183168509512,0.9163742690058478,0.07060634041243459,0.10078081812138119,0.9128654970760234,0.07805478608802707,0.026494632593840932,0.9277777777777777,0.04453678054786087,-0.014628986436286073,-15.651611905604357,0.014154435703004647,0.0035087719298244613,-23.854420122383917,0.6276223776223777
real_repeated_split,breast_cancer,tree,classification,7,3282832315,0.11903035859804072,0.9108187134502923,0.1059710680209295,0.08973388652149687,0.915204678362573,0.08439519852262235,0.10577202019660815,0.9254385964912281,0.07765466297322253,0.026356098604655973,0.9345029239766081,0.04573714989227456,-0.016038133675111282,-16.4068021722088,0.011060456175121336,-0.01023391812865504,-28.06656097625223,0.6034965034965036
real_repeated_split,breast_cancer,tree,classification,8,292273314,0.10165906426362015,0.9043859649122806,0.07008310249307478,0.0882135679348579,0.8973684210526315,0.07309941520467834,0.10565069485782641,0.9029239766081872,0.07743921206525084,0.03678718569192687,0.9087719298245615,0.06094182825484764,-0.017437126922968504,-17.989005989840965,0.01782345891917245,-0.005555555555555758,-14.162648058417778,0.548951048951049
real_repeated_split,breast_cancer,tree,classification,9,2927602910,0.1040399824317694,0.9292397660818713,0.09295167743921205,0.10471457795246684,0.9239766081871345,0.1002154509079717,0.10257524255939518,0.9298245614035089,0.09233610341643582,0.029752982039339692,0.9540935672514619,0.04262850107725453,0.0021393353930716646,2.0641007723283185,0.011493501183299577,-0.005847953216374435,0.6463049424700229,0.5734265734265735
real_repeated_split,breast_cancer,tree,classification,10,3274893816,0.13830384725721048,0.8859649122807018,0.11049553708833487,0.11489919212256941,0.8871345029239766,0.09172052939365957,0.13772802502102036,0.8883040935672515,0.09430594028931978,0.034917468669212,0.9093567251461989,0.06789781471221915,-0.022828832898450946,-18.073138085889898,0.019799777277180124,-0.0011695906432749315,-18.486867449909532,0.610839160839161
real_repeated_split,breast_cancer,tree,classification,11,2157046818,0.1298462622811481,0.9128654970760234,0.09405971068020928,0.10145087109838537,0.9157894736842106,0.08297937827023699,0.11012002556320503,0.9225146198830411,0.07180670975684826,0.03145671729295845,0.9321637426900586,0.05060018467220683,-0.008669154464819667,-8.195034951982134,0.011202020912467947,-0.006725146198830467,-24.553171730121683,0.5167832167832168
real_repeated_split,breast_cancer,tree,classification,12,382610520,0.09562945904416317,0.9055555555555556,0.07543859649122807,0.09010463835577329,0.9023391812865496,0.07442289935364728,0.09772497622182767,0.9046783625730994,0.07313019390581717,0.03470506906079657,0.9070175438596493,0.061003385657125264,-0.007620337866054386,-8.114096260263663,0.012459559453460327,-0.002339181286549863,-5.949172247563604,0.6314685314685315
real_repeated_split,breast_cancer,tree,classification,13,408199746,0.11448667875417282,0.9271929824561402,0.08011695906432748,0.10095106309710014,0.9219298245614034,0.0819636811326562,0.12647814003819008,0.9149122807017542,0.09285934133579561,0.0336582185935962,0.9377192982456141,0.058633425669436745,-0.025527076941089938,-22.448372143224464,0.014899426210141262,0.007017543859649145,-12.565686532693944,0.5468531468531468
real_repeated_split,breast_cancer,tree,classification,14,354273598,0.12273089821805416,0.9076023391812866,0.09590643274853801,0.11627481911200044,0.9055555555555556,0.1080024622960911,0.13859836169139936,0.9099415204678364,0.0995383194829178,0.03078412231301556,0.9321637426900586,0.06445060018467219,-0.02232354257939892,-17.517372764785726,0.023789585637631738,-0.004385964912280826,-5.4024474210700255,0.6412587412587414
real_repeated_split,breast_cancer,tree,classification,15,79228510,0.09652268838924871,0.9187134502923977,0.07220683287165282,0.09321916784874745,0.9210526315789472,0.069067405355494,0.09936829336429706,0.9201754385964913,0.06799015081563557,0.024723538321573948,0.9298245614035089,0.04598337950138504,-0.006149125515549608,-6.38580048443269,0.0140233572590339,0.000877192982455921,-3.4821210311736404,0.5206293706293706
real_repeated_split,breast_cancer,tree,classification,16,1801910668,0.10884231730137749,0.9257309941520468,0.08624192059095108,0.09986306977568624,0.926608187134503,0.08688827331486611,0.10411816197115938,0.9353801169590643,0.07223761157279163,0.033164219142247306,0.9421052631578946,0.05620190827947061,-0.00425509219547314,-4.172042848289096,0.016117843485415048,-0.00877192982456132,-8.604710833243317,0.6132867132867135
real_repeated_split,breast_cancer,tree,classification,17,137544491,0.10191314188466594,0.896783625730994,0.09575253924284394,0.07319185400088671,0.9005847953216376,0.07085257002154509,0.10378777304385796,0.9002923976608187,0.07894736842105263,0.027647439373697864,0.9099415204678364,0.049615266235764836,-0.03059591904297125,-34.57563964154571,0.011982125765003284,0.0002923976608188994,-32.80464699311178,0.6930069930069931
real_repeated_split,breast_cancer,tree,classification,18,992880166,0.11800809897140227,0.9166666666666667,0.09858417974761464,0.09431207663167777,0.9195906432748536,0.09113573407202215,0.12102502963512357,0.9154970760233917,0.1002462296091105,0.03121443145290882,0.9339181286549707,0.057248384118190214,-0.026712953003445797,-24.810357551985128,0.02335882342939733,0.004093567251461927,-22.321027450563907,0.5825174825174826
real_repeated_split,breast_cancer,tree,classification,19,1620400470,0.1356419413371271,0.9064327485380119,0.11123422591566635,0.10430629644095529,0.9073099415204678,0.10024622960911049,0.11784191936726948,0.9134502923976608,0.089689135118498,0.03367222797203375,0.9283625730994152,0.07180670975684826,-0.01353562292631419,-12.186118963025269,0.014414359934837986,-0.0061403508771930015,-26.118670581905057,0.6580419580419582
real_repeated_split,wine,tree,classification,0,3206320756,0.29840135396868145,0.8305555555555555,0.19746588693957115,0.287075588420086,0.8444444444444444,0.18791423001949317,0.30688966217195884,0.8601851851851853,0.1867446393762183,0.08864960403544372,0.8916666666666666,0.12456140350877194,-0.01981407375187283,-6.671795608286113,0.04110677540450009,-0.015740740740740833,-3.868902335380073,0.6101901166704039
real_repeated_split,wine,tree,classification,1,2704127993,0.22398725867910627,0.8416666666666666,0.13723196881091618,0.24923335427641646,0.8481481481481483,0.14941520467836258,0.26552913505066617,0.862037037037037,0.15604288499025343,0.07621701801723564,0.8694444444444442,0.10964912280701755,-0.016295780774249702,-6.331378494789773,0.06518507866299486,-0.013888888888888729,10.66990528566981,0.4844839569090773
real_repeated_split,wine,tree,classification,2,3332079440,0.3263094421084851,0.8333333333333334,0.19756335282651072,0.33295710538183854,0.8324074074074075,0.1958089668615984,0.34438271950229576,0.8324074074074075,0.2053606237816764,0.12797784903720233,0.8675925925925926,0.15292397660818713,-0.011425614120457228,-3.373672623608598,0.053693196969729795,0.0,2.0166845409218923,0.619694965694659
real_repeated_split,wine,tree,classification,3,3039419269,0.23802360124369693,0.8648148148148147,0.16003898635477584,0.27235754675946067,0.8583333333333334,0.18440545808966863,0.3094455188491046,0.8462962962962963,0.1928849902534113,0.08396115939127698,0.912037037037037,0.10633528265107212,-0.03708797208964393,-12.749321645753088,0.049843308021051205,0.012037037037037068,13.454237347948176,0.5623597262570081
real_repeated_split,wine,tree,classification,4,3471418796,0.3290465419747717,0.8638888888888889,0.19746588693957115,0.2956925591194597,0.8703703703703705,0.19434697855750485,0.29674302836982264,0.8629629629629629,0.18372319688109165,0.08115310272019144,0.9240740740740738,0.12300194931773879,-0.001050469250362951,-0.35462732912949957,0.02448605163358935,0.007407407407407529,-10.677731807371252,0.5178321678321678
real_repeated_split,wine,tree,classification,5,756209567,0.3205123805841509,0.8537037037037036,0.19980506822612085,0.24193778687832,0.8481481481481481,0.16608187134502925,0.2681218278836566,0.8675925925925926,0.17495126705653022,0.07755101646810544,0.9092592592592592,0.09814814814814814,-0.02618404100533664,-10.267051241669323,0.049317286653812534,-0.019444444444444486,-27.940108564755196,0.5717760069142527
real_repeated_split,wine,tree,classification,6,899031870,0.32504001516136016,0.8509259259259258,0.21530214424951266,0.3174969422203606,0.8527777777777779,0.20906432748538012,0.3587633391329563,0.8555555555555554,0.21072124756335284,0.08950178211639141,0.9037037037037038,0.13440545808966858,-0.041266396912595704,-12.204294130660553,0.05469180082408539,-0.002777777777777546,-2.347903215322235,0.5217855764691158
real_repeated_split,wine,tree,classification,7,1065885847,0.2767460248417186,0.8796296296296295,0.1837231968810916,0.23894131774953148,0.8777777777777779,0.17943469785575047,0.2569549352285928,0.8944444444444445,0.16228070175438597,0.06771396147885834,0.9490740740740741,0.08820662768031189,-0.018013617479061328,-7.265075051839914,0.046778634825314996,-0.016666666666666607,-14.661871242456435,0.5787853251918298
real_repeated_split,wine,tree,classification,8,2870237956,0.2652968440384708,0.7972222222222223,0.18352826510721248,0.2304143938051434,0.8092592592592593,0.13937621832358676,0.24743170541137047,0.7888888888888888,0.1497076023391813,0.07893187611399037,0.8287037037037038,0.10263157894736842,-0.017017311606227076,-7.122507281791775,0.05010094953303832,0.020370370370370594,-14.07369757646368,0.5072756637091418
real_repeated_split,wine,tree,classification,9,1245246041,0.3353366368497027,0.8601851851851853,0.21744639376218322,0.31712488498039787,0.8583333333333334,0.2162768031189084,0.3126610005606959,0.8685185185185185,0.20516569200779727,0.0855296675069561,0.9324074074074075,0.11539961013645222,0.004463884419701969,1.417587952409168,0.0418852039416239,-0.010185185185185075,-5.582475367504398,0.45174825174825173
real_repeated_split,wine,tree,classification,10,3354453427,0.30651392536028366,0.8518518518518517,0.19327485380116963,0.2816447086494933,0.8490740740740741,0.1786549707602339,0.33757723970164155,0.8481481481481483,0.19639376218323584,0.09896662987953452,0.8888888888888891,0.1307017543859649,-0.05593253105214824,-18.06542264888558,0.042863896018653876,0.0009259259259257746,-8.456635768906162,0.6121523714708764
real_repeated_split,wine,tree,classification,11,2781696563,0.3309156485530195,0.8675925925925926,0.20633528265107215,0.2986854510012405,0.8750000000000002,0.19522417153996102,0.22859631625487553,0.9074074074074074,0.14483430799220273,0.07750458759915606,0.937037037037037,0.10126705653021442,0.07008913474636497,26.58507807356845,0.04557940332807538,-0.03240740740740722,-10.23829137992202,0.602405839774261
real_repeated_split,wine,tree,classification,12,1898313940,0.3582046783625731,0.825925925925926,0.22251461988304091,0.3138393531272318,0.8240740740740741,0.2148148148148148,0.3757163501039099,0.8194444444444443,0.23557504873294347,0.07362823279012584,0.8851851851851851,0.1382066276803119,-0.06187699697667809,-17.94691761281443,0.04848801939407403,0.004629629629629761,-13.203100736417833,0.4035979084898602
real_repeated_split,wine,tree,classification,13,1656932752,0.34855813316578865,0.826851851851852,0.2295321637426901,0.2695366235453955,0.8203703703703704,0.19658869395711498,0.3107097445301858,0.8314814814814815,0.19298245614035087,0.0839470259974856,0.8824074074074074,0.13430799220272902,-0.04117312098479031,-14.191599723870125,0.08312918286849771,-0.011111111111111072,-25.56938358152661,0.47587272842173806
real_repeated_split,wine,tree,classification,14,3554375791,0.28946393762183237,0.861111111111111,0.1937621832358674,0.24102680714642433,0.8787037037037037,0.1621832358674464,0.26843284922591143,0.875,0.16715399610136453,0.09084958666763486,0.9092592592592593,0.12456140350877191,-0.027406042079487103,-10.758866472228588,0.04431384254754219,0.0037037037037036535,-18.26125373650681,0.5884151254602151
real_repeated_split,wine,tree,classification,15,4198167404,0.3444403524881993,0.8351851851851853,0.19951267056530214,0.32387384208915304,0.8333333333333334,0.20350877192982458,0.3760481852012953,0.8314814814814815,0.22153996101364523,0.11214799612433375,0.8740740740740742,0.15575048732943472,-0.05217434311214225,-14.908615839430166,0.06507122626609693,0.0018518518518518823,-6.154742953515364,0.5226821349372575
real_repeated_split,wine,tree,classification,16,4017839488,0.27844607268925053,0.8296296296296296,0.19785575048732937,0.22230196172358396,0.8287037037037036,0.1503898635477583,0.2867044851636648,0.8296296296296294,0.1875243664717349,0.08007257889297575,0.8805555555555555,0.11033138401559452,-0.06440252344008085,-25.30518968234082,0.03053847114380381,-0.0009259259259257746,-22.42409639470671,0.6356789353147527
real_repeated_split,wine,tree,classification,17,2046550871,0.22554565076755742,0.8990740740740739,0.15263157894736842,0.21567448580489465,0.9157407407407406,0.13450292397660818,0.18824109108490936,0.9333333333333332,0.11608187134502923,0.06340070405065655,0.9629629629629628,0.06345029239766081,0.027433394719985293,13.583727040796772,0.02892096978977127,-0.017592592592592604,-4.474485248722025,0.4740575202524416
real_repeated_split,wine,tree,classification,18,2974605354,0.24978565461272223,0.8787037037037038,0.15224171539961015,0.21464659352697626,0.8833333333333334,0.14161793372319686,0.25663364774808156,0.8907407407407408,0.15311890838206627,0.07240056451940162,0.9212962962962962,0.10536062378167642,-0.0419870542211053,-17.818296013220714,0.04417894053569877,-0.007407407407407418,-15.132050466562925,0.5774400749527333
real_repeated_split,wine,tree,classification,19,1195060497,0.3202889984373238,0.8157407407407407,0.19415204678362571,0.21483040935672512,0.836111111111111,0.13469785575048732,0.22462181624861047,0.8388888888888888,0.13898635477582844,0.08177127333568553,0.8574074074074074,0.10545808966861599,-0.009791406891885346,-4.45618719004001,0.04902652866283221,-0.002777777777777768,-39.414974506469946,0.6143088455140615
real_repeated_split,diabetes,tree,regression,0,4106031666,3727.2400275270456,0.167388838824097,,3152.1591613451264,0.2505483760119148,,3466.5839350444962,0.2310985942575227,,857.1112543216077,0.4362499128733872,,-314.4247736993698,-9.501041787552731,231.3046946227126,0.01944978175439213,-16.718927057239124,0.5538461538461539
real_repeated_split,diabetes,tree,regression,1,3347141864,3115.211601058182,0.22379168158084456,,2997.5387167295694,0.23719433216932978,,3507.8894889998587,0.1945290944075498,,743.4249461269569,0.4243171449713052,,-510.3507722702893,-15.689997833526647,208.0904071583265,0.04266523776177997,-3.8500798564008565,0.4853146853146854
real_repeated_split,diabetes,tree,regression,2,2286445659,3708.401462106425,0.055315065884108325,,3177.4165104782987,0.12191067079436431,,3418.2782365240505,0.13429899281748373,,826.2008841773312,0.3620205742158175,,-240.86172604575177,-7.3036044051377615,274.8653378642687,-0.012388322023119416,-15.422567187869205,0.5083916083916085
real_repeated_split,diabetes,tree,regression,3,2408381715,3226.6197055460134,0.24049583607248826,,2777.195778107077,0.26317862502762784,,3332.612025429334,0.25397730843926214,,768.9506920584253,0.41359277444589504,,-555.4162473222573,-18.18113646719877,261.9632890473081,0.009201316588365704,-14.971277137433923,0.4405594405594407
real_repeated_split,diabetes,tree,regression,4,1730471658,3793.1462144329885,0.10738290902975296,,3194.2795864755317,0.14808711012354683,,3271.4121899564234,0.1583898642962405,,802.0246582857686,0.3965070403691611,,-77.1326034808917,-2.3859041274453316,306.7118763262111,-0.010302754172693662,-17.141266183594848,0.4751748251748252
real_repeated_split,diabetes,tree,regression,5,1752164466,3714.770240533302,0.18071307317478758,,3203.559216977332,0.2135268816809041,,3821.567983407339,0.19184245380606843,,868.7573476424752,0.41213128962460066,,-618.0087664300067,-17.59423705228189,234.81437469189078,0.021684427874835682,-14.778452708724132,0.5188811188811189
real_repeated_split,diabetes,tree,regression,6,4213060212,3312.5181725547045,0.08115320210282481,,2767.5431383341893,0.14554544225237237,,3006.5183824464625,0.07552145493485089,,827.9759292741227,0.32042783439798017,,-238.97524411227323,-8.277544091008016,303.45223171103333,0.07002398731752148,-17.926629563570664,0.4374125874125875
real_repeated_split,diabetes,tree,regression,7,2235179793,3230.5680430042157,0.16722188038146196,,2962.821649369035,0.24240385338990839,,3245.8896696272013,0.19350701443293974,,769.5606276337238,0.42429448157289584,,-283.06802025816614,-9.118414618250597,333.48560980767917,0.04889683895696864,-8.6461988324388,0.4314685314685315
real_repeated_split,diabetes,tree,regression,8,3903153896,3858.119964376858,0.12988936383460375,,3275.6575474347023,0.19641031703253997,,3402.6814835536334,0.1934496217276362,,877.2668691425614,0.4215780542486427,,-127.02393611893103,-3.804057731406685,297.9719030257439,0.002960695304903782,-16.329705152081328,0.5066433566433567
real_repeated_split,diabetes,tree,regression,9,2279778844,3239.920772167071,0.2579663489911124,,2803.912353777046,0.29465502812371785,,2662.4737431318113,0.299027106156185,,728.8276385582868,0.4497422419996453,,141.4386106452348,5.174848908869272,336.6524707217058,-0.0043720780324671416,-14.428208367249232,0.5769230769230769
real_repeated_split,diabetes,tree,regression,10,2292558089,3079.7898955580054,0.25024746495380124,,2643.4605015306433,0.2998058375582594,,2954.883446304389,0.25986717476719706,,669.8136723494366,0.4456907493417875,,-311.4229447737457,-11.12553811182601,234.74734064131292,0.03993866279106234,-15.24760804627097,0.5353146853146853
real_repeated_split,diabetes,tree,regression,11,327544320,3056.7547261349673,0.19181841668135985,,2969.4115382820464,0.19157077586275778,,2903.7294283427887,0.20863411550077418,,764.5480190215993,0.3859970860585286,,65.68210993925777,2.236694481283797,200.27217104499468,-0.0170633396380164,-2.898797810098945,0.4905594405594407
real_repeated_split,diabetes,tree,regression,12,1405712793,3305.912030190423,0.08921253368568742,,2659.9239152552664,0.12463189237831418,,3081.3871440827334,0.13243384746521628,,697.2069014227068,0.33878993551317926,,-421.463228827467,-14.681776495700397,310.64029702462255,-0.007801955086902096,-21.656248037739058,0.49825174825174834
real_repeated_split,diabetes,tree,regression,13,388015452,3502.07761380985,0.1111638991551771,,2872.4190299831967,0.1987658044959956,,3132.965769611047,0.19237907584055164,,796.9751139041729,0.40330939125760396,,-260.54673962785046,-8.677103909992727,266.6193678098011,0.006386728655443957,-19.75555464256969,0.5562937062937062
real_repeated_split,diabetes,tree,regression,14,230872627,3764.3092885213414,0.041748431310036735,,3218.1366650027603,0.14543671980363135,,3619.4984505733514,0.0929982720748603,,947.965031407296,0.35574750625028306,,-401.3617855705911,-11.739783676268136,185.7129238526216,0.05243844772877104,-15.644163296184855,0.48881118881118885
real_repeated_split,diabetes,tree,regression,15,1976250529,3416.6195382609653,0.13688925420920417,,3022.4318724440395,0.16935259995231156,,3038.1612992485584,0.17348661264390494,,828.89097504035,0.3413033867481736,,-15.72942680451888,-0.5190721884447485,295.0843200973904,-0.004134012691593386,-12.243656423105547,0.5381118881118883
real_repeated_split,diabetes,tree,regression,16,1382963118,3135.4600426859574,0.10769553632518636,,2446.330731861609,0.19979965752780807,,2882.4527361594246,0.13693820576180654,,643.4431256692667,0.32422247145129396,,-436.1220042978157,-16.368539157766893,264.43314510899927,0.06286145176600152,-24.69205094417772,0.6090909090909091
real_repeated_split,diabetes,tree,regression,17,1830269356,3456.793107972449,0.2562371358684049,,3086.1288547179315,0.26946449156639474,,2813.5258183279966,0.2765917550598077,,761.7015871345372,0.45107537001892134,,272.6030363899349,9.24132178906644,294.83725549090764,-0.007127263493412972,-11.3302361045463,0.5699300699300699
real_repeated_split,diabetes,tree,regression,18,1252566072,2939.9363491289587,0.2471746593283565,,2668.846447178366,0.2481089518653809,,2730.532225362556,0.2573277672616373,,726.9938925350722,0.4073826231165104,,-61.685778184189985,-2.284921355781144,124.13316051016224,-0.009218815396256408,-9.666621504012287,0.456993006993007
real_repeated_split,diabetes,tree,regression,19,3272673348,3432.88877902211,0.14791245758967714,,3100.2477915857003,0.21000439906210855,,3352.5125329204675,0.21082769276488883,,866.2678638225481,0.3958643583216318,,-252.26474133476722,-7.81881640254702,212.87274225406753,-0.0008232937027802811,-10.183194055147776,0.5304195804195805
