source,scope,metric,mean,ci_low,ci_high,n_units
synthetic,classification_easy:tree,instability_effect_vs_best_percent,-9.31813512069821,-11.593578568819577,-6.9681457746074775,24
synthetic,classification_easy:tree,score_delta_vs_best,-0.007229166666666717,-0.008987500000000048,-0.005497916666666681,24
synthetic,classification_easy:tree,validation_test_centrality_spearman,0.6385780885780886,0.6202214452214453,0.6566437208624709,24
synthetic,classification_hard:tree,instability_effect_vs_best_percent,-15.618442696391456,-18.932861796144543,-12.407914815739929,24
synthetic,classification_hard:tree,score_delta_vs_best,-0.011487500000000017,-0.015297968750000017,-0.007920781250000012,24
synthetic,classification_hard:tree,validation_test_centrality_spearman,0.6798513986013986,0.6612616550116551,0.69774256993007,24
synthetic,classification_multiclass:tree,instability_effect_vs_best_percent,-9.761945067636546,-11.484581355786,-8.069268012726377,24
synthetic,classification_multiclass:tree,score_delta_vs_best,-0.011027083333333347,-0.01403979166666669,-0.008008333333333341,24
synthetic,classification_multiclass:tree,validation_test_centrality_spearman,0.695410839160839,0.6797494172494174,0.7099650349650349,24
synthetic,regression_friedman1:tree,instability_effect_vs_best_percent,-3.1564366294019095,-5.003004633557547,-1.12907585757251,24
synthetic,regression_friedman1:tree,score_delta_vs_best,0.0012369451415536585,-0.0027524459006099938,0.005106423514159473,24
synthetic,regression_friedman1:tree,validation_test_centrality_spearman,0.6343677156177157,0.6167096445221446,0.6499708624708626,24
synthetic,regression_heteroscedastic:tree,instability_effect_vs_best_percent,-7.95670434037153,-10.499522453111435,-5.393919089013362,24
synthetic,regression_heteroscedastic:tree,score_delta_vs_best,0.014336205347607059,0.010068753618061487,0.01841242171771087,24
synthetic,regression_heteroscedastic:tree,validation_test_centrality_spearman,0.6188956876456878,0.6000575466200467,0.6371215763403264,24
synthetic,regression_linear:tree,instability_effect_vs_best_percent,-3.7815245035716365,-5.2331080794965175,-2.2825685003692686,24
synthetic,regression_linear:tree,score_delta_vs_best,0.0042096806928149716,4.752964776933908e-08,0.008568303390482264,24
synthetic,regression_linear:tree,validation_test_centrality_spearman,0.5953525641025641,0.5765876311188812,0.6139281031468532,24
real_repeated_split,breast_cancer:tree,instability_effect_vs_best_percent,-16.91934034615213,-21.387950944937074,-12.42863452155949,20
real_repeated_split,breast_cancer:tree,score_delta_vs_best,-0.0022222222222222586,-0.004385964912280771,-4.385964912282367e-05,20
real_repeated_split,breast_cancer:tree,validation_test_centrality_spearman,0.5845104895104896,0.5613286713286715,0.6081298076923077,20
real_repeated_split,diabetes:tree,instability_effect_vs_best_percent,-7.420931211645799,-10.627741397115061,-4.010769782119439,20
real_repeated_split,diabetes:tree,score_delta_vs_best,0.015163787113140226,0.00395145850693652,0.027399923992217433,20
real_repeated_split,diabetes:tree,validation_test_centrality_spearman,0.5104195804195806,0.4897202797202798,0.531346590909091,20
real_repeated_split,wine:tree,instability_effect_vs_best_percent,-7.410221276179233,-11.941027786534617,-1.9695083214320817,20
real_repeated_split,wine:tree,score_delta_vs_best,-0.004999999999999944,-0.010324074074073996,0.00018518518518527717,20
real_repeated_split,wine:tree,validation_test_centrality_spearman,0.5466271620992053,0.5179203444043232,0.5737938002554361,20
