dataset_seed,process,pruned_cart_config,pruned_cart_eligible,pruned_cart_instability,pruned_cart_mean_fit_seconds,pruned_cart_score,robust_prefix_ablation_instability,robust_prefix_config,robust_prefix_eligible,robust_prefix_fit_time_ratio,robust_prefix_instability,robust_prefix_instability_delta,robust_prefix_instability_effect_percent,robust_prefix_mean_fit_seconds,robust_prefix_mechanism_delta,robust_prefix_score,robust_prefix_score_delta,score_floor,task,unit,variance_penalized_ablation_instability,variance_penalized_config,variance_penalized_eligible,variance_penalized_fit_time_ratio,variance_penalized_instability,variance_penalized_instability_delta,variance_penalized_instability_effect_percent,variance_penalized_mean_fit_seconds,variance_penalized_mechanism_delta,variance_penalized_score,variance_penalized_score_delta
713678390,classification_logistic,cart:d=3:leaf=15:alpha=median,True,0.17547619047619048,0.0014869478764012456,0.8004166666666667,0.14726190476190476,prefix:d=3:leaf=15:support=0,True,15.67993059682168,0.145,-0.03047619047619049,-19.019316493313532,0.023315239503062912,-0.0022619047619047705,0.8125,0.012083333333333335,0.777313432835821,classification,0,0.17392857142857146,variance:d=5:leaf=15:lambda=1,True,41.290154381464184,0.17511904761904762,-0.0003571428571428614,-0.20373514431239634,0.061396307373797754,0.0011904761904761585,0.7962499999999999,-0.004166666666666763
1864492955,classification_logistic,cart:d=3:leaf=15:alpha=median,True,0.07732142857142857,0.0013412812495516846,0.7802083333333333,0.08547619047619047,prefix:d=5:leaf=15:support=0.2,True,20.44282911039156,0.08125,0.003928571428571434,4.954954954954961,0.027419583373557543,-0.004226190476190467,0.781875,0.0016666666666667052,0.7822885572139303,classification,1,0.1473809523809524,variance:d=3:leaf=15:lambda=8,True,29.484397948504412,0.12666666666666665,0.04934523809523808,48.38050773271082,0.039546870122649125,-0.02071428571428574,0.77625,-0.003958333333333286
146062160,classification_logistic,cart:d=3:leaf=5:alpha=median,True,0.1493452380952381,0.0014348802505992353,0.7789583333333333,0.10202380952380952,prefix:d=3:leaf=5:support=0.2,True,19.547675138802376,0.10202380952380952,-0.04732142857142857,-37.65095903386218,0.028048573001797195,0.0,0.7925,0.013541666666666674,0.7760696517412934,classification,2,0.13291666666666666,variance:d=3:leaf=5:lambda=8,True,28.18718451274195,0.1038690476190476,-0.04547619047619049,-35.919134931828886,0.04044523437733005,-0.029047619047619058,0.7872916666666667,0.008333333333333415
3079892348,classification_logistic,cart:d=3:leaf=15:alpha=median,True,0.09630952380952382,0.0014878907477395842,0.8245833333333333,0.05017857142857142,prefix:d=5:leaf=15:support=0.2,True,17.969575834645312,0.07833333333333332,-0.017976190476190493,-20.58623040218134,0.026736765625173575,0.028154761904761905,0.8341666666666667,0.009583333333333388,0.866865671641791,classification,3,0.15607142857142856,variance:d=5:leaf=15:lambda=1,True,39.59511709448203,0.15482142857142853,0.05851190476190471,46.598720075847325,0.05891320838054526,-0.0012500000000000289,0.7960416666666666,-0.028541666666666687
2040820304,classification_logistic,cart:d=5:leaf=5:alpha=median,True,0.17898809523809528,0.0017713073775666999,0.7943749999999999,0.1349404761904762,prefix:d=3:leaf=15:support=0,True,12.872010055296215,0.1269642857142857,-0.05202380952380958,-34.00778210116735,0.02280028637505893,-0.007976190476190498,0.8160416666666668,0.021666666666666834,0.7611442786069652,classification,4,0.13577380952380955,variance:d=3:leaf=5:lambda=1,True,25.750380173928242,0.1326190476190476,-0.04636904761904767,-29.7612225405922,0.04561183837722638,-0.003154761904761938,0.8116666666666668,0.017291666666666816
1450549990,classification_logistic,cart:d=3:leaf=5:alpha=median,True,0.13773809523809524,0.0014714844983245712,0.8162499999999999,0.11178571428571428,prefix:d=3:leaf=5:support=0.2,True,20.9162074303569,0.11470238095238094,-0.023035714285714298,-18.250412638528662,0.03077787499751139,0.0029166666666666646,0.813125,-0.0031249999999999334,0.7810447761194032,classification,5,0.16244047619047622,variance:d=3:leaf=5:lambda=1,True,29.672047802066672,0.16059523809523807,0.022857142857142826,15.323224261771726,0.04366195837428677,-0.0018452380952381497,0.8041666666666667,-0.012083333333333224
2443502469,classification_xor,cart:d=5:leaf=5:alpha=median,True,0.2698809523809524,0.0018570261254353682,0.7575000000000001,0.3327380952380953,prefix:d=5:leaf=15:support=0,False,15.961698840069893,0.3123214285714285,0.04244047619047614,14.579286371536638,0.029641291752341203,-0.02041666666666675,0.7114583333333333,-0.04604166666666676,0.712636815920398,classification,0,0.3038095238095238,variance:d=5:leaf=5:lambda=1,False,50.382455700647235,0.30553571428571435,0.03565476190476197,12.392676114616759,0.09356153649969201,0.0017261904761905478,0.7260416666666667,-0.031458333333333366
1334599978,classification_xor,cart:d=5:leaf=15:alpha=median,True,0.42708333333333337,0.00207447937100369,0.623125,0.4511904761904762,prefix:d=5:leaf=15:support=0,True,13.70872320979335,0.4587500000000001,0.03166666666666673,7.149576669802459,0.0284384635015158,0.007559523809523905,0.6052083333333333,-0.017916666666666692,0.7238308457711443,classification,1,0.4063690476190476,variance:d=5:leaf=15:lambda=8,False,34.30767937131383,0.4069047619047619,-0.02017857142857149,-4.839055028192149,0.0711705731227994,0.000535714285714306,0.6541666666666667,0.031041666666666634
993008109,classification_xor,cart:d=5:leaf=15:alpha=zero,True,0.44988095238095244,0.0015014739983598702,0.5083333333333333,0.47482142857142856,prefix:d=3:leaf=15:support=0,False,14.885341437916459,0.4679761904761905,0.018095238095238053,3.942931258106346,0.022349953125740285,-0.006845238095238071,0.5120833333333333,0.003750000000000031,0.7064179104477611,classification,2,0.4713095238095238,variance:d=5:leaf=15:lambda=1,True,46.88374146153526,0.4720238095238095,0.022142857142857075,4.803719008264447,0.07039471875032177,0.0007142857142857229,0.5491666666666667,0.04083333333333339
1380814439,classification_xor,cart:d=3:leaf=5:alpha=median,True,0.40107142857142863,0.0015163905009103473,0.6387499999999999,0.4353571428571428,prefix:d=5:leaf=15:support=0,False,19.601996388882764,0.4258333333333333,0.02476190476190465,5.98905845090697,0.029724281122980756,-0.00952380952380949,0.6216666666666666,-0.01708333333333334,0.6703482587064676,classification,3,0.43071428571428566,variance:d=3:leaf=5:lambda=8,False,30.623865996528732,0.42505952380952383,0.023988095238095197,5.807334822393534,0.046437739498287556,-0.005654761904761829,0.5835416666666666,-0.055208333333333304
252224526,classification_xor,cart:d=5:leaf=5:alpha=zero,True,0.4298809523809524,0.00220413549868681,0.6320833333333333,0.4136309523809523,prefix:d=5:leaf=5:support=0,False,21.17362171136731,0.45553571428571427,0.025654761904761847,5.794957983193263,0.04666953124979045,0.041904761904761945,0.6152083333333334,-0.016874999999999973,0.6454726368159205,classification,4,0.4008928571428571,variance:d=5:leaf=5:lambda=1,False,44.43275489628909,0.39964285714285713,-0.030238095238095286,-7.290470723306555,0.09793581237136095,-0.0012499999999999734,0.6604166666666667,0.02833333333333332
413388459,classification_xor,cart:d=5:leaf=15:alpha=median,True,0.4148214285714285,0.0018995049995282898,0.579375,0.4359523809523809,prefix:d=5:leaf=15:support=0.2,False,13.845002316593497,0.46529761904761907,0.05047619047619056,11.470309752468571,0.026298651118850103,0.029345238095238146,0.5185416666666667,-0.060833333333333295,0.5820398009950248,classification,5,0.3835119047619048,variance:d=3:leaf=5:lambda=1,True,23.841501935185605,0.3863095238095237,-0.028511904761904794,-7.117913663719453,0.04528705212214845,0.0027976190476189378,0.6016666666666667,0.02229166666666671
192858982,classification_multiclass,cart:d=3:leaf=15:alpha=median,True,0.13285714285714287,0.0018256093771924498,0.7106250000000001,0.19267857142857142,prefix:d=3:leaf=5:support=0.2,True,18.682283529473622,0.19267857142857142,0.05982142857142855,36.75260559517278,0.0341065519987751,0.0,0.7095833333333332,-0.0010416666666668295,0.685273631840796,classification,0,0.2157142857142857,variance:d=3:leaf=5:lambda=8,True,25.711779972034954,0.197202380952381,0.06434523809523812,38.99008115419298,0.04693966662125604,-0.0185119047619047,0.7174999999999999,0.0068749999999998535
2924815975,classification_multiclass,cart:d=3:leaf=15:alpha=median,True,0.15976190476190477,0.0016381249988626223,0.7310416666666667,0.18779761904761907,prefix:d=5:leaf=15:support=0,True,19.697993831769036,0.18779761904761907,0.028035714285714303,16.13289946908718,0.03226777612326259,0.0,0.74,0.00895833333333329,0.6840298507462687,classification,1,0.16130952380952382,variance:d=3:leaf=15:lambda=8,True,28.627556371482413,0.19303571428571425,0.03327380952380948,18.862831111860952,0.04689551574847428,0.031726190476190436,0.7279166666666667,-0.0031250000000000444
962278015,classification_multiclass,cart:d=3:leaf=15:alpha=zero,True,0.27458333333333335,0.0019549636272131465,0.66875,0.27226190476190476,prefix:d=5:leaf=5:support=0,True,25.869852024180226,0.272202380952381,-0.0023809523809523725,-0.8708904855214425,0.05057461974865873,-5.952380952378711e-05,0.67625,0.007500000000000062,0.667860696517413,classification,2,0.27994047619047613,variance:d=3:leaf=5:lambda=1,True,31.12098073415257,0.29321428571428576,0.018630952380952415,6.562532760247417,0.060840385378469364,0.013273809523809632,0.6654166666666667,-0.0033333333333332993
2281759971,classification_multiclass,cart:d=3:leaf=5:alpha=zero,True,0.16559523809523813,0.0023144633723859442,0.7206250000000001,0.18083333333333332,prefix:d=5:leaf=15:support=0,True,16.88032130439409,0.19577380952380954,0.030178571428571416,16.70235546038543,0.03906888537312625,0.014940476190476226,0.72875,0.008124999999999938,0.6890049751243782,classification,3,0.22089285714285717,variance:d=5:leaf=15:lambda=8,True,42.93979516550549,0.21630952380952384,0.05071428571428571,26.558603491271814,0.09938258312831749,-0.004583333333333328,0.7258333333333333,0.005208333333333259
712178149,classification_multiclass,cart:d=3:leaf=5:alpha=zero,True,0.15261904761904763,0.0025965365002775798,0.6954166666666666,0.21535714285714289,prefix:d=3:leaf=15:support=0,True,11.592315185552767,0.21535714285714289,0.06273809523809526,34.098997088320935,0.030099869502009824,0.0,0.6870833333333333,-0.008333333333333304,0.6740796019900498,classification,4,0.2507142857142857,variance:d=5:leaf=5:lambda=8,True,43.04835705508647,0.2158928571428571,0.06327380952380948,34.340171216281675,0.11177663037051389,-0.034821428571428614,0.6958333333333333,0.0004166666666667318
2730650052,classification_multiclass,cart:d=3:leaf=15:alpha=zero,True,0.16410714285714284,0.001761796875143773,0.7333333333333334,0.18244047619047615,prefix:d=3:leaf=5:support=0.2,False,19.767206133715835,0.18797619047619046,0.023869047619047623,13.558748943364332,0.034825801996703376,0.0055357142857143105,0.7295833333333333,-0.003750000000000142,0.7325373134328358,classification,5,0.2238690476190476,variance:d=3:leaf=5:lambda=8,True,29.616451596875077,0.22702380952380954,0.0629166666666667,32.17166336935019,0.05217817187622131,0.003154761904761938,0.7166666666666667,-0.01666666666666672
2944302991,regression_step,cart:d=3:leaf=15:alpha=median,True,0.0315712457041689,0.0012855157492595026,0.7888869257648041,0.03718438169403125,prefix:d=3:leaf=5:support=0,True,33.588468400494996,0.03718438169403125,0.00561313598986235,16.327786400242456,0.04317850512234145,0.0,0.7675694430827533,-0.021317482682050803,0.712885615038358,regression,0,0.07415960776787253,variance:d=3:leaf=5:lambda=1,False,40.85279101515199,0.07396520962543161,0.04239396392126271,80.33994279770394,0.05251690625118499,-0.00019439814244091858,0.7554210618921713,-0.03346586387263284
1454564394,regression_step,cart:d=3:leaf=15:alpha=median,True,0.05674553267824673,0.0016565678761253366,0.7545603847052342,0.09666887830079919,prefix:d=3:leaf=15:support=0.2,False,21.82373600259221,0.10030257599783476,0.04355704331958803,55.4696821079537,0.03615249999893422,0.0036336976970355733,0.7200592051974403,-0.034501179507793966,0.7368469321271988,regression,1,0.06607441312032039,variance:d=3:leaf=5:lambda=1,False,31.093104825768265,0.06607441312032039,0.00932888044207366,15.191148931743783,0.05150783862336539,0.0,0.7527270394813226,-0.0018333452239116532
184859859,regression_step,cart:d=3:leaf=15:alpha=median,True,0.04571292964027412,0.0010864896248676814,0.7549405628423238,0.09100725227400593,prefix:d=5:leaf=5:support=0.2,True,64.79545893639673,0.09100725227400593,0.04529432263373181,66.25842944259709,0.07039959387293493,0.0,0.7269383874435708,-0.02800217539875305,0.6698065973109951,regression,2,0.06291609548003224,variance:d=3:leaf=5:lambda=1,True,49.05530840185852,0.06593228391995484,0.020219354279680725,36.2207274900738,0.05329808362330368,0.0030161884399226013,0.7441465408954981,-0.01079402194682566
4020865407,regression_step,cart:d=3:leaf=15:alpha=median,True,0.06445910213086083,0.0014183799976308364,0.7669296535040244,0.09384013822902755,prefix:d=3:leaf=15:support=0.2,True,28.531512404447685,0.09384013822902755,0.029381036098166724,37.12088072105698,0.04046852649662469,0.0,0.7528367807036218,-0.014092872800402612,0.7508023265734841,regression,3,0.06216181162865225,variance:d=3:leaf=5:lambda=8,True,38.50195008442633,0.06748324991228284,0.0030241477814220152,4.584044068629537,0.0546103958695312,0.005321438283630589,0.7649103164324098,-0.002019337071614613
451487175,regression_step,cart:d=3:leaf=5:alpha=median,True,0.053912944023432656,0.0019850627504638396,0.7183747806827263,0.07194623605741259,prefix:d=3:leaf=5:support=0.2,False,24.354816171741067,0.07194623605741259,0.01803329203397993,28.656299878000638,0.04834583837691753,0.0,0.7264153471649226,0.00804056648219631,0.7392737800076782,regression,4,0.08249719119994081,variance:d=3:leaf=5:lambda=1,False,32.0037478583291,0.08512613979382196,0.0312131957703893,44.898448570639644,0.06352944774880598,0.0026289485938811447,0.7095878662904748,-0.008786914392251544
2834091058,regression_step,cart:d=3:leaf=5:alpha=median,True,0.046291383851107586,0.0015862603740970371,0.7475471304962966,0.06245256583268734,prefix:d=3:leaf=5:support=0,True,30.812889499488406,0.06245256583268734,0.01616118198157975,29.723367651392376,0.048877265624469146,0.0,0.7317802255860364,-0.015766904910260227,0.682602925691563,regression,5,0.08322913072142887,variance:d=3:leaf=15:lambda=1,True,44.522581164046365,0.08322913072142887,0.03693774687032129,57.03767776437412,0.07062440625304589,0.0,0.7169533825212304,-0.0305937479750662
3300551703,regression_redundant,cart:d=5:leaf=15:alpha=median,True,0.08955015375237085,0.0017434791225241497,0.7994283933505626,0.1006308995673785,prefix:d=3:leaf=15:support=0,True,17.975782284983197,0.1006308995673785,0.011080745815007648,11.652838830772177,0.03134040112490766,0.0,0.7881463352898276,-0.011282058060735012,0.7955817594534725,regression,0,0.09085234630161088,variance:d=5:leaf=15:lambda=8,True,58.761678761260036,0.09181430251241676,0.0022641487600459087,2.4967943627722815,0.10244976012472762,0.0009619562108058866,0.7944920698757251,-0.004936323474837523
3244277799,regression_redundant,cart:d=3:leaf=15:alpha=zero,True,0.10433606419945647,0.0012925365008413792,0.8208710639354901,0.10561698215793132,prefix:d=5:leaf=15:support=0.2,False,31.484736966558177,0.10426798663470961,-6.807756474686011e-05,-0.06526964790437335,0.040695171748666326,-0.0013489955232217077,0.8155005526456895,-0.005370511289800595,0.7744714079934262,regression,1,0.10472565100259963,variance:d=3:leaf=15:lambda=1,True,45.12599428430422,0.10486287308586532,0.0005268088864088527,0.5036439412599403,0.05832699474922265,0.0001372220832656923,0.8265468050034412,0.005675741067951101
3180800626,regression_redundant,cart:d=5:leaf=15:alpha=zero,True,0.10819906562000733,0.0015915416242933134,0.7979005889999111,0.13974917332499445,prefix:d=5:leaf=5:support=0,True,48.311324897217126,0.1384572819525765,0.03025821633256917,24.53471530763266,0.07688948449867894,-0.001291891372417947,0.780389549868393,-0.01751103913151808,0.7584277720238344,regression,2,0.10623806196337023,variance:d=5:leaf=5:lambda=8,True,91.28848699733918,0.10103132563517593,-0.007167739984831403,-6.851528539264093,0.14528942687502422,-0.005206736328194295,0.8035094133897451,0.005608824389834011
1891771153,regression_redundant,cart:d=3:leaf=15:alpha=zero,True,0.09834196226608818,0.0014923434991942486,0.8043490590768143,0.12089427098561599,prefix:d=3:leaf=15:support=0.2,False,22.839332912912774,0.12447352240566235,0.02613156013957417,23.455784662426773,0.03408412999851862,0.0035792514200463643,0.7746981439891218,-0.029650915087692464,0.6770207914289085,regression,3,0.10013101180430557,variance:d=3:leaf=5:lambda=8,True,46.28163633920666,0.09731316434194721,-0.00102879792414097,-1.0516442292892294,0.06906809912288736,-0.0028178474623583583,0.8116210938526631,0.007272034775848812
3232313667,regression_redundant,cart:d=3:leaf=5:alpha=zero,True,0.10232570714238053,0.0012483595019148197,0.8018827989178895,0.1168881378814852,prefix:d=3:leaf=5:support=0.2,False,34.19972136561274,0.11746064275083683,0.015134935608456301,13.772407263517113,0.04269354712960194,0.0005725048693516338,0.7938106711312589,-0.008072127786630579,0.7637259731575287,regression,4,0.09113767215004827,variance:d=5:leaf=5:lambda=8,True,108.22710789425717,0.09785607210698512,-0.004469635035395408,-4.465576289865624,0.13510633850455633,0.006718399956936849,0.8115670958216137,0.009684296903724188
3563515916,regression_redundant,cart:d=5:leaf=15:alpha=median,True,0.10861244637276324,0.0015772345032019075,0.7878251319141668,0.11499194692226059,prefix:d=5:leaf=5:support=0,True,40.087607215817854,0.11817387305559775,0.009561426682834509,8.43210181895901,0.06322755725159368,0.0031819261333371623,0.7801988986260529,-0.007626233288113959,0.7595720599649892,regression,5,0.09579061527989195,variance:d=3:leaf=15:lambda=1,True,31.885440876584802,0.09579061527989195,-0.012821831092871286,-12.545635069458589,0.050290817500354024,0.0,0.7938282760993085,0.0060031441851416956
2803698110,regression_friedman1,cart:d=5:leaf=15:alpha=zero,True,0.31514596703964826,0.0013785989976895507,0.5745084542094057,0.32219671315683573,prefix:d=5:leaf=15:support=0,False,26.390439540438763,0.31282400814276784,-0.002321958896880416,-0.7395127119591731,0.036381833499035565,-0.009372705014067895,0.5023640759620609,-0.07214437824734476,0.5632070813749784,regression,0,0.29142389697305554,variance:d=3:leaf=5:lambda=8,True,38.264624511929995,0.2470004833298162,-0.06814548370983206,-24.244743932846756,0.052751572999113705,-0.044423413643239346,0.5027553857010036,-0.07175306850840202
1624751954,regression_friedman1,cart:d=5:leaf=15:alpha=zero,True,0.35672111388072103,0.0014479792498605093,0.5731035517097929,0.31722282742797386,prefix:d=5:leaf=5:support=0,False,41.17514469473504,0.31722282742797386,-0.03949828645274717,-11.721534695021546,0.059620755127980374,0.0,0.5101713435160966,-0.06293220819369627,0.4568716642041816,regression,1,0.34396567591149646,variance:d=5:leaf=15:lambda=1,True,63.99412604479026,0.35118722513021217,-0.005533888750508864,-1.5634478210104534,0.09266216662581428,0.007221549218715706,0.5750281475675596,0.00192459585776672
784801315,regression_friedman1,cart:d=5:leaf=15:alpha=zero,True,0.3344715920078077,0.003917088752132258,0.5741302526285061,0.3125344693517724,prefix:d=5:leaf=5:support=0,False,20.03819822450178,0.30531507264814295,-0.029156519359664734,-9.114450478690062,0.07849140087819251,-0.007219396703629477,0.5455412394156146,-0.028589013212891534,0.46764296288428314,regression,2,0.3681249854029374,variance:d=5:leaf=5:lambda=8,True,33.242305858562084,0.36935217226539596,0.03488058025758828,9.911737008086774,0.13021306237351382,0.0012271868624585403,0.5826994572599543,0.008569204631448168
4273872129,regression_friedman1,cart:d=5:leaf=5:alpha=zero,True,0.29844341548451947,0.0017638801236898871,0.599214358525259,0.2852902560508933,prefix:d=5:leaf=5:support=0.2,False,43.21509656572261,0.3053976788931133,0.0069542634085938415,2.303342211500681,0.07622624987561721,0.020107422842220002,0.5570772270038047,-0.04213713152145426,0.4819738025568102,regression,3,0.2835723429169422,variance:d=5:leaf=15:lambda=1,True,77.94745630935238,0.28238322098705465,-0.01606019449746482,-5.530116385511466,0.13748996887625253,-0.001189121929887571,0.6113878319602333,0.012173473434974325
2651966825,regression_friedman1,cart:d=5:leaf=15:alpha=zero,True,0.34906151398958224,0.0013730572482018033,0.6073856357549657,0.3335829325462732,prefix:d=5:leaf=5:support=0,False,110.31470934400471,0.3123890679828857,-0.03667244600669656,-11.088491568739146,0.15146841124806087,-0.02119386456338751,0.5159010198810006,-0.09148461587396517,0.45885093226688006,regression,4,0.30046347016386654,variance:d=5:leaf=15:lambda=8,True,69.2609239335051,0.2858795316395173,-0.06318198235006495,-19.901684663483753,0.09509921362405294,-0.01458393852434925,0.6162486142457324,0.008862978490766671
3197814979,regression_friedman1,cart:d=3:leaf=15:alpha=zero,True,0.1815427727956191,0.0014420206243812572,0.5016650577973021,0.35074074887243195,prefix:d=5:leaf=5:support=0,False,58.676377919196256,0.3339461316934868,0.1524033588978677,59.1296369604357,0.08461254712347,-0.016794617178945148,0.49803609517816194,-0.0036289626191401414,0.44844347057097167,regression,5,0.21293789422178167,variance:d=3:leaf=15:lambda=1,True,37.114337839894596,0.21293789422178167,0.031395121426162576,15.91719141195719,0.053519640625381726,0.0,0.5044274389225389,0.002762381125236857
