process,regime,unit,reference_root_feature,reference_root_threshold,gate_mean_routing_agreement,gate_pass_count,gate_accept,refit_cart_score,refit_cart_instability,refit_cart_probability_instability,refit_cart_log_loss,frozen_tree_score,frozen_tree_instability,frozen_tree_probability_instability,frozen_tree_log_loss,refreshed_leaves_score,refreshed_leaves_instability,refreshed_leaves_probability_instability,refreshed_leaves_log_loss,persistent_trunk_score,persistent_trunk_instability,persistent_trunk_probability_instability,persistent_trunk_log_loss,instability_effect_vs_cart,score_delta_vs_cart,score_delta_vs_frozen,score_delta_vs_refreshed,useful
binary,stable,0,0,-0.0039994349936023355,0.998,8,True,0.8439375,0.09579166666666668,0.08292789450218668,1.2456795931628644,0.856,0.0,0.0,0.8756350772710204,0.873,0.0028,0.012176478577815704,0.4665522937546498,0.8478125000000001,0.090575,0.07489881588555529,1.1746838435208162,-0.055982829547487116,0.003875000000000073,-0.008187499999999903,-0.02518749999999992,True
binary,stable,1,0,0.002962373662739992,0.996625,8,True,0.8440624999999999,0.10015833333333335,0.08708844892378693,1.2274734720085312,0.846,0.0,0.0,0.9368299796017397,0.8752500000000001,0.00975,0.019495275826792762,0.6132365529898313,0.848375,0.09090000000000001,0.07503800186773206,1.1477815344688247,-0.09691629955947142,0.004312500000000052,0.002375000000000016,-0.026875000000000093,True
binary,stable,2,0,0.003800519509240985,0.994875,8,True,0.8478749999999999,0.09568333333333333,0.08289720129056119,1.2779291508608857,0.844,0.0,0.0,0.9258011102482399,0.8736875,0.008125,0.017330214986715105,0.6058518262756816,0.8498125000000001,0.09092499999999999,0.0770779108770432,1.2076508105517245,-0.05099807975706698,0.0019375000000001474,0.005812500000000109,-0.02387499999999987,True
binary,stable,3,0,-0.0031131551368162036,0.992875,8,True,0.8474375000000001,0.11284166666666667,0.07849875386014782,1.0373271091747456,0.874,0.0,0.0,0.5212034573017129,0.8816249999999999,0.00605,0.013898734282454979,0.4095401844073974,0.84925,0.11146666666666667,0.07621916385975096,0.9997823577537487,-0.012259910093992655,0.0018124999999998836,-0.02475000000000005,-0.03237499999999993,True
binary,stable,4,0,-0.002598713501356542,0.9985,8,True,0.8348125,0.10155833333333335,0.08953995350149446,1.2104401359611872,0.855,0.0,0.0,1.0503347198246615,0.866,0.0,0.014934045606176156,0.552527545649796,0.836125,0.09948333333333333,0.0815884820441208,1.1196408627798906,-0.020642487046632334,0.0013125000000000497,-0.018874999999999975,-0.029874999999999985,True
binary,stable,5,0,0.005991270067170262,0.994375,8,True,0.8495625,0.08824166666666668,0.08261049306038698,1.4999262170333023,0.848,0.0,0.0,0.9014232152407232,0.871,0.006,0.017904535543997756,0.5724803132738998,0.854125,0.07138333333333334,0.0771604168440653,1.5019022437321334,-0.21122422344035502,0.004562500000000025,0.006125000000000047,-0.016874999999999973,True
binary,stable,6,0,0.004184853984043002,0.9975,8,True,0.85225,0.10141666666666668,0.08206477461761688,0.9191144112314469,0.859,0.0,0.0,1.2387446228726546,0.878,0.014949999999999998,0.02285604653433769,0.571624537391522,0.8528749999999999,0.1024,0.07736520792539192,0.7533775960001987,0.009649194537574507,0.0006249999999999867,-0.006125000000000047,-0.025125000000000064,False
binary,stable,7,0,0.002682417198229814,0.9977499999999999,8,True,0.8439375,0.07250833333333334,0.07792716820589216,1.2444329600221595,0.832,0.0,0.0,0.7925689775581113,0.8631249999999999,0.003033333333333333,0.016353655364033153,0.5296038035585423,0.8480624999999999,0.055525000000000005,0.07347639782952145,1.3032203177632802,-0.2652954959645926,0.004124999999999934,0.01606249999999998,-0.015062499999999979,True
binary,stable,8,0,0.0009416391840204597,0.9962500000000001,8,True,0.85025,0.08935000000000001,0.08275656332707185,1.2214053358086758,0.817,0.0,0.0,1.4519390882533874,0.874375,0.01305,0.024351700096919993,0.7028147098919414,0.8499375,0.09380833333333333,0.08186805244779215,1.224037723559749,0.04868283361390397,-0.00031249999999993783,0.032937500000000064,-0.0244375,False
binary,stable,9,0,0.01465934980660677,0.99675,8,True,0.84475,0.08518333333333335,0.07401947762247021,1.226937849129182,0.819,0.0,0.0,2.1705019575664846,0.8636250000000001,0.006766666666666667,0.01763963873937359,0.47079330866968305,0.839375,0.09518333333333333,0.07375386184354553,1.2015339518741952,0.11088523378303435,-0.005375000000000019,0.020375000000000032,-0.024250000000000105,False
binary,stable,10,0,-0.004048286325996742,0.9984999999999999,8,True,0.8455,0.11726666666666666,0.09199216039754572,0.9141236493737797,0.875,0.0,0.0,0.5452635396185254,0.87975,0.0121,0.016527623031078673,0.41296306962213747,0.8433125,0.11879166666666666,0.08866182479638582,0.9235961459132075,0.012920535178451643,-0.002187500000000009,-0.03168749999999998,-0.03643750000000001,False
binary,stable,11,0,0.00022763595916330814,0.997,8,True,0.8364375,0.10059166666666668,0.0961497772817713,1.3903402971563792,0.847,0.0,0.0,0.7800443583481014,0.8681875,0.0046749999999999995,0.013426069660319983,0.4759305045425493,0.8393124999999999,0.09470833333333335,0.08206583721898517,1.2983115306934487,-0.06024918928144724,0.002874999999999961,-0.007687500000000069,-0.028875000000000095,True
binary,stable,12,0,0.014523203601129353,0.99475,8,True,0.8276874999999999,0.12459166666666667,0.09310655283760552,1.3029294896144359,0.847,0.0,0.0,0.6601253400369285,0.8615625,0.003991666666666667,0.016642864157683197,0.5489501056172256,0.8244999999999999,0.12794999999999998,0.09056364055039973,1.0644373666510352,0.026596271242369064,-0.0031875000000000098,-0.022500000000000075,-0.03706250000000011,False
binary,stable,13,0,0.0017596170073375106,0.997125,8,True,0.8379375,0.11180833333333334,0.08747461501454294,1.0613033835268213,0.873,0.0,0.0,0.4111269560621455,0.8709374999999999,0.007475,0.017391156684222343,0.5091406015319886,0.8370624999999999,0.11810833333333332,0.08548341379906325,1.0515243524891245,0.05480246466110886,-0.0008750000000000702,-0.03593750000000007,-0.03387499999999999,False
binary,stable,14,0,-0.00040326833550352603,0.99875,8,True,0.841625,0.06765,0.08015030694553063,1.3675806234810701,0.852,0.0,0.0,1.6851356629752683,0.8591249999999999,0.010499999999999999,0.019484915369214706,0.45921136177260324,0.8445625,0.05814166666666667,0.07501948758656152,1.28984862999293,-0.1511758860549851,0.0029375000000000373,-0.007437499999999986,-0.014562499999999923,True
binary,stable,15,0,0.0031974418088793755,0.999375,8,True,0.82975,0.0868,0.08693279755611186,1.4080587354633747,0.822,0.0,0.0,0.7334822395451792,0.852875,0.0032500000000000003,0.017447550055185435,0.5657048756750341,0.8316874999999999,0.08115833333333335,0.07985158613567836,1.4353788949946353,-0.06717935996030748,0.0019374999999999254,0.00968749999999996,-0.021187500000000137,True
binary,stable,16,0,0.0011738312023226172,0.997,8,True,0.8391249999999999,0.10228333333333332,0.08346410842185241,1.1586937168245566,0.824,0.0,0.0,1.1235983588157492,0.8705,0.01075,0.013663148804030556,0.5561796494454024,0.841375,0.09471666666666666,0.07606072413037532,1.0785250284042145,-0.07681895093062606,0.0022500000000000853,0.01737500000000003,-0.029125000000000068,True
binary,stable,17,0,-0.0009616062161512673,0.998875,8,True,0.8432499999999999,0.10055,0.08230509508950452,1.2032698917943314,0.841,0.0,0.0,0.5650995550966437,0.876,0.0,0.015986353547579723,0.5271505796922433,0.8469374999999999,0.09229166666666666,0.07824763655695952,1.1391052730336622,-0.08564884836437499,0.0036874999999999547,0.005937499999999929,-0.029062500000000102,True
binary,stable,18,0,-0.0003362630377523601,0.998125,8,True,0.8507499999999999,0.08361666666666667,0.08591378577238903,1.4830269411605208,0.86,0.0,0.0,0.9051723857908357,0.872125,0.010699999999999998,0.01492368727326573,0.5360474161476302,0.848125,0.08814999999999999,0.08003813263520095,1.3935437210759047,0.052784785561808496,-0.0026249999999998774,-0.011874999999999969,-0.02400000000000002,False
binary,stable,19,0,0.020518723875284195,0.99525,8,True,0.8335625,0.10477500000000001,0.07935714293846778,1.4447694809595588,0.85,0.0,0.0,1.043097365872099,0.86,0.0,0.013824614369705057,0.7129557431664347,0.8283125,0.11387499999999999,0.08005257943138695,1.3625157527918486,0.0832380516807682,-0.005249999999999977,-0.02168749999999997,-0.03168749999999998,False
binary,stable,20,0,-0.0028389065992087126,0.993875,8,True,0.8438125000000001,0.08704166666666667,0.0767545558681521,1.1845806692930663,0.837,0.0,0.0,0.528942114582846,0.8655,0.014449999999999998,0.01794946042159457,0.6003092869929668,0.83775,0.10491666666666667,0.07177654058353723,1.0862212461644307,0.18623833297156503,-0.006062500000000082,0.0007500000000000284,-0.027750000000000052,False
binary,stable,21,0,0.00045318639604374766,0.994,8,True,0.8476875,0.117225,0.0892822214751951,1.1029986577904092,0.874,0.0,0.0,0.9590186943096648,0.8870625000000001,0.006625000000000001,0.015484039604467075,0.4046748806728742,0.8487499999999999,0.11908333333333335,0.08567325234138974,1.0735112575373926,0.015728038932186203,0.0010624999999998552,-0.025250000000000106,-0.038312500000000194,False
binary,stable,22,0,-0.010095088073285297,0.995125,8,True,0.84325,0.09846666666666666,0.07993687596744074,1.2156333784398865,0.848,0.0,0.0,1.0328446457466962,0.8673124999999999,0.007075,0.01688261178798218,0.5369993445322492,0.843,0.09396666666666667,0.07709968448379202,1.2430713958946085,-0.04676944396327722,-0.0002500000000000835,-0.0050000000000000044,-0.02431249999999996,True
binary,stable,23,0,0.009966342942789197,0.996375,8,True,0.846875,0.09315000000000001,0.07718377916749304,1.0735820056397036,0.863,0.0,0.0,0.7947710378439076,0.871875,0.013199999999999998,0.018399905931018024,0.5234097047849074,0.8409375000000001,0.09782500000000001,0.07758812307699517,1.0616139829264326,0.048959287864903764,-0.005937499999999929,-0.022062499999999874,-0.03093749999999984,False
binary,moving,0,0,-0.0040433178073726594,0.5185,0,False,0.83825,0.10841666666666665,0.07825566838410562,1.0928302073333747,0.501,0.0,0.0,8.329452530953446,0.55225,0.25965,0.02769863808557127,0.7746919095408322,0.8469375,0.07090833333333334,0.08724607021468993,1.403021613150118,-0.41832798921882963,0.00868749999999996,0.3459375,0.2946875,True
binary,moving,1,0,-0.004554443406959763,0.50675,0,False,0.831875,0.10808333333333332,0.08438956375845835,1.4927747329079217,0.49,0.0,0.0,8.299395675455314,0.5923749999999999,0.3020833333333333,0.03298557498267596,0.731655545360221,0.8455625,0.07099166666666666,0.08773204844925996,1.4977816189889708,-0.4142584578156266,0.013687499999999964,0.3555625,0.2531875000000001,True
binary,moving,2,0,-0.013380512595176697,0.52075,0,False,0.8545,0.09078333333333334,0.08734310225845299,0.9199713232763763,0.455,0.0,0.0,8.05856674536477,0.5314375,0.28949166666666665,0.03250744687456194,0.8014684113573116,0.8518749999999999,0.08918333333333334,0.09685588017028526,1.3525233197306439,-0.017781070568623866,-0.0026250000000000995,0.3968749999999999,0.32043749999999993,True
binary,moving,3,0,-0.00017941842816071585,0.5141249999999999,0,False,0.8514375000000001,0.091175,0.08461646590779358,1.1483136737062163,0.502,0.0,0.0,7.111655336113894,0.5123125,0.468725,0.04055329749848808,0.8466961445997021,0.8564375,0.07362500000000001,0.08725279815920851,1.0818610657345333,-0.21298543689320384,0.004999999999999893,0.35443749999999996,0.344125,True
binary,moving,4,0,0.004904864821583033,0.509625,0,False,0.8511249999999999,0.10051666666666666,0.08178308147919662,1.0714348691368034,0.502,0.0,0.0,8.844228100852266,0.542,0.3209166666666667,0.02989406588731757,0.7228687462389644,0.8630625000000001,0.07205833333333334,0.08366747195584531,1.0392080880415624,-0.3298082959099907,0.011937500000000156,0.36106250000000006,0.32106250000000003,True
binary,moving,5,0,-0.0066111956257373095,0.535125,0,False,0.833375,0.0848,0.08024701499141239,1.3375187521610292,0.501,0.0,0.0,3.7096140836885936,0.5536875000000001,0.291975,0.03930219059115615,0.9251229854095675,0.8341874999999999,0.07115833333333334,0.09225149417498792,1.273115616554843,-0.1749398877905423,0.0008124999999998828,0.33318749999999986,0.28049999999999975,True
binary,moving,6,0,-0.0016794464900158346,0.515625,0,False,0.8438124999999999,0.10097500000000001,0.0884500215959458,1.1203931113273577,0.506,0.0,0.0,7.063354087922272,0.537375,0.27773333333333333,0.040548918219917365,0.8603721639936485,0.850125,0.08993333333333335,0.0907557013647709,1.3426135107986579,-0.11567506220262769,0.006312500000000165,0.344125,0.31275,True
binary,moving,7,0,-0.0014372617661138065,0.503125,0,False,0.832625,0.10766666666666666,0.07970072299485947,1.329790435305759,0.537,0.0,0.0,8.147134292901335,0.5821875000000001,0.294325,0.026129535143035013,0.7843401866245133,0.8419375,0.086925,0.08888910441257268,1.3267163482481805,-0.21318144833197714,0.009312500000000057,0.3049375,0.2597499999999999,True
binary,moving,8,0,-0.003311461303383112,0.509625,0,False,0.8526874999999999,0.10065833333333334,0.0833852363120939,1.141273340762953,0.502,0.0,0.0,5.572873478928001,0.5461875,0.28075833333333333,0.031042460513738167,0.7980677423818009,0.8598125000000001,0.07954166666666666,0.08327495438239356,1.2897482186870635,-0.23436921938586763,0.007125000000000159,0.3578125000000001,0.31362500000000004,True
binary,moving,9,0,0.006567598262336105,0.505,0,False,0.8730625000000001,0.07559166666666665,0.07462234509216052,0.937590360621218,0.499,0.0,0.0,5.945741606715938,0.59425,0.23585,0.02899566679039877,0.7261517235041275,0.858625,0.10350000000000001,0.0926455297285012,1.0548167065934755,0.311665348285329,-0.014437500000000103,0.359625,0.264375,False
binary,moving,10,0,-0.005765461595728993,0.5001249999999999,0,False,0.8474999999999999,0.09169999999999999,0.0837192451924572,1.0426947700233458,0.46,0.0,0.0,6.816242657735795,0.5758749999999999,0.34305,0.03814289671698537,0.8055419527484984,0.8505,0.07986666666666668,0.0965010837012432,1.151367122411312,-0.13794443365066997,0.0030000000000001137,0.3905,0.2746250000000001,True
binary,moving,11,0,-0.004279429325833917,0.522,0,False,0.8568125,0.09004166666666666,0.08019458990083805,1.1699444543788022,0.515,0.0,0.0,5.291779897303655,0.5250625,0.41255833333333336,0.03650842540735559,0.7226872243463137,0.8648125,0.06650833333333334,0.08135145126039565,1.2554108891383815,-0.3006494197806876,0.008000000000000007,0.34981249999999997,0.33975,True
binary,moving,12,0,-9.048712672665715e-05,0.503125,0,False,0.8514375000000001,0.09169166666666667,0.0782503835227908,1.1839801573641042,0.496,0.0,0.0,7.042419238853106,0.5166875,0.3990416666666667,0.0376425200051165,0.8452533028613822,0.857,0.08345,0.0815179605570994,1.259497284514492,-0.09411428843317324,0.005562499999999915,0.361,0.3403125,True
binary,moving,13,0,-0.004017569066490978,0.532375,0,False,0.8374375000000001,0.09355833333333334,0.0849949099040774,1.3600068596569814,0.493,0.0,0.0,6.258033444594741,0.5255,0.32260000000000005,0.022575052556640614,0.7369382727051561,0.837125,0.09515,0.08830358564067566,1.3593242116586375,0.016869066018988646,-0.00031250000000004885,0.344125,0.31162500000000004,False
binary,moving,14,0,-0.02066661510616541,0.504875,0,False,0.838625,0.10123333333333333,0.07420334121942863,1.1834381852805298,0.516,0.0,0.0,4.392452818732453,0.5769375,0.25887499999999997,0.0326126724991034,0.832513982043769,0.8480624999999999,0.07080833333333333,0.08228679412705991,1.3744185034081706,-0.3536933882295955,0.009437499999999988,0.3320624999999999,0.27112499999999995,True
binary,moving,15,0,0.0007571026217192411,0.502375,0,False,0.8753124999999999,0.08689166666666666,0.07598236594504687,1.0539201427699543,0.473,0.0,0.0,7.341560919289013,0.7014374999999999,0.111325,0.028291305123309064,0.6613505343816649,0.87275,0.096,0.08983872297004056,1.018601892703111,0.0996035904679456,-0.002562499999999912,0.39975000000000005,0.1713125000000001,False
binary,moving,16,0,0.0017924421044881456,0.509125,0,False,0.8439999999999999,0.07991666666666666,0.08174285312211046,1.3558755491148855,0.494,0.0,0.0,5.168491773734488,0.5365,0.3511833333333333,0.03374456914664906,0.8577318253398881,0.8388125,0.09207499999999999,0.09259327763382537,1.4567733258352704,0.14138281893502586,-0.0051874999999999005,0.34481249999999997,0.3023125,False
binary,moving,17,0,-0.000695348484441638,0.51375,0,False,0.855375,0.09148333333333333,0.07876864841104063,1.0671856179400674,0.491,0.0,0.0,6.905786645484166,0.5361875,0.320375,0.037196188236875545,0.7568070746040667,0.8501875000000001,0.097275,0.09231013129637718,1.1993655238025684,0.06136594410842789,-0.0051874999999999005,0.3591875000000001,0.31400000000000006,False
binary,moving,18,0,-0.0075178153347224,0.518875,0,False,0.850125,0.08790000000000002,0.08525845712737896,1.2045484730338303,0.499,0.0,0.0,8.331623702482224,0.5825,0.33791666666666664,0.03597192072073481,0.7098189313293366,0.86025,0.04755,0.0853669502919559,1.5003688362965693,-0.5957918050941309,0.01012499999999994,0.36124999999999996,0.27774999999999994,True
binary,moving,19,0,-0.00048392126336693764,0.5015000000000001,0,False,0.8529375,0.09049166666666665,0.08490967135402963,1.3162965994945184,0.524,0.0,0.0,6.127663294220022,0.5145000000000001,0.4424166666666666,0.03517154705906074,0.7772091960549403,0.8548125,0.08489166666666667,0.08811056042947456,1.2738690158098036,-0.06386011593651977,0.00187499999999996,0.33081249999999995,0.3403124999999999,True
binary,moving,20,0,-0.00028358015697449446,0.504625,0,False,0.8385,0.08973333333333335,0.07402274259618788,1.211819033365034,0.505,0.0,0.0,8.56075649457457,0.5345,0.31061666666666665,0.03281375127852471,0.7234229297219618,0.8408125,0.08659166666666666,0.08331722850372145,1.4114488904023186,-0.035634954392929886,0.0023124999999999396,0.33581249999999996,0.3063125,True
binary,moving,21,0,-0.0014254353009164333,0.50625,0,False,0.8525,0.09676666666666668,0.0888281196400136,0.9560406332095359,0.539,0.0,0.0,8.146035938842545,0.5623125,0.31159166666666666,0.036843681057254433,0.831075909538018,0.8496874999999999,0.097875,0.09572159262859267,1.0149808310593662,0.011388448859014313,-0.0028125000000001066,0.3106874999999999,0.28737499999999994,False
binary,moving,22,0,-0.00027486542239785194,0.502,0,False,0.8422499999999999,0.08821666666666665,0.08086202488375503,1.1825653112183212,0.496,0.0,0.0,7.793149897999925,0.5284375000000001,0.3780583333333334,0.04163397246860122,0.8658875458986055,0.8390624999999999,0.090425,0.08740810352312793,1.3553884789339379,0.024723608713906095,-0.0031875000000000098,0.34306249999999994,0.3106249999999998,False
binary,moving,23,0,-0.014519206713885069,0.502125,0,False,0.8382499999999999,0.10276666666666667,0.08064672106973761,1.2145113849994602,0.496,0.0,0.0,6.778922209323862,0.5585625,0.32987500000000003,0.0337419757160667,0.7995537238932351,0.840625,0.10270000000000001,0.08860607416991556,1.240434678879685,-0.0006489292667098571,0.002375000000000016,0.34462499999999996,0.2820625,True
multiclass,stable,0,0,0.0001829580869525671,0.99875,8,True,0.8003125,0.13787500000000003,0.09082419152939962,1.7749806795586476,0.821,0.0,0.0,0.8976327743654384,0.8108125,0.11837499999999998,0.01976999467864881,1.0859044731129697,0.803625,0.13215000000000002,0.08384508656738927,1.7725414384809604,-0.042403481159151976,0.0033125000000000515,-0.01737499999999992,-0.007187500000000013,True
multiclass,stable,1,0,5.355535540729761e-05,0.997125,8,True,0.8215625,0.13245833333333332,0.10021550546973325,1.38863079060622,0.838,0.0,0.0,1.7170361195124888,0.8273124999999999,0.12035,0.018844486148877244,0.8975733882037222,0.824375,0.12713333333333335,0.09145082502583377,1.3378410636019558,-0.04102597027382725,0.0028124999999999956,-0.013624999999999998,-0.0029374999999999263,True
multiclass,stable,2,0,-0.009272332303225994,0.9952500000000001,8,True,0.8163125,0.134925,0.0952616079236317,1.757769139755354,0.811,0.0,0.0,1.2758420633497598,0.816125,0.12712500000000002,0.020076684799241094,0.9059591276128063,0.8130625,0.136575,0.09529098435362722,1.7149168771728744,0.012154696132596779,-0.003249999999999975,0.002062499999999967,-0.003062499999999968,False
multiclass,stable,3,0,-0.0017558469480718486,0.999125,8,True,0.80725,0.12729166666666666,0.09384506605219405,1.5186290592496683,0.808,0.0,0.0,0.8766418572178325,0.8150625,0.11629166666666665,0.021466711166371312,0.860455191521228,0.807625,0.12838333333333335,0.09300637253809177,1.484070390210221,0.008539486978912176,0.0003750000000000142,-0.0003750000000000142,-0.007437499999999986,False
multiclass,stable,4,0,0.0013090252177789807,0.9971249999999999,8,True,0.8140000000000001,0.13445833333333335,0.09963201161553759,1.501581382302303,0.824,0.0,0.0,0.9283525992183697,0.8190000000000001,0.12305,0.01860465149138186,0.6587683844015864,0.816875,0.132625,0.09500941214905222,1.4729023155884398,-0.01372854914196583,0.002874999999999961,-0.007124999999999937,-0.0021250000000000435,True
multiclass,stable,5,0,-0.005839724006364122,0.9958750000000001,8,True,0.7943125,0.14352499999999999,0.09829631950145702,1.9424007225620255,0.797,0.0,0.0,1.6001020350448152,0.8026875,0.142175,0.021665442243437864,0.9300201870191008,0.7954375,0.13756666666666667,0.09399782513670232,1.9132685969966317,-0.04239423675550668,0.0011250000000000426,-0.0015625000000000222,-0.007249999999999979,True
multiclass,stable,6,0,0.0024223168147727847,0.998,8,True,0.823625,0.13971666666666668,0.09507090114770342,1.3655338040632103,0.815,0.0,0.0,1.2072755873340866,0.8173125,0.12018333333333334,0.019605039685999772,0.7240144596276565,0.8236249999999999,0.13886666666666667,0.09311866561550713,1.340502249154678,-0.006102303320371049,-1.1102230246251565e-16,0.008624999999999994,0.006312499999999943,True
multiclass,stable,7,0,-0.000195906322915107,0.9986250000000001,8,True,0.816125,0.1285,0.08964596394605814,1.6678665647772077,0.813,0.0,0.0,0.6946124277956643,0.8198749999999999,0.09458333333333334,0.01998694590999821,0.8320838602833716,0.8174375,0.12660833333333335,0.0882202651141033,1.6889033911205131,-0.014830300852578858,0.0013125000000000497,0.004437500000000094,-0.0024374999999998703,True
multiclass,stable,8,0,0.003678041393868625,0.997375,8,True,0.8033125000000001,0.12733333333333335,0.09284530935125575,1.9357524981820635,0.806,0.0,0.0,0.927203605991928,0.8035000000000001,0.11876666666666667,0.019239884015171686,1.0076432363751702,0.8027500000000001,0.12750833333333333,0.0895483666016792,1.911926687405425,0.0013734017854221696,-0.0005625000000000213,-0.003249999999999975,-0.0007500000000000284,False
multiclass,stable,9,0,0.0018802906852215528,0.99875,8,True,0.8074375,0.13256666666666667,0.09880764091191559,1.7531059578104857,0.826,0.0,0.0,0.983387395579873,0.818375,0.11703333333333334,0.018599194114361894,0.9698700518455289,0.8089375,0.13186666666666666,0.0959373245305983,1.6926509052375716,-0.005294340098323506,0.0014999999999999458,-0.01706249999999998,-0.009437499999999988,True
multiclass,stable,10,0,0.00532666698563844,0.99875,8,True,0.804875,0.14421666666666663,0.10398448115982534,1.4713976901270664,0.804,0.0,0.0,0.9637685611229799,0.8173125,0.112475,0.020647904421976813,0.8398253402801272,0.8094375,0.140075,0.09397800195034718,1.3405125312277906,-0.02913674336801966,0.004562500000000025,0.005437499999999984,-0.007874999999999965,True
multiclass,stable,11,0,-0.02889984007924795,0.987625,8,True,0.8176875,0.13869166666666669,0.08726685710568263,1.4316151135829154,0.82,0.0,0.0,1.0736876250671539,0.8146875,0.12155833333333334,0.02370760948946828,0.9405317830203122,0.8109375,0.13833333333333334,0.08762807717103696,1.2892793913224265,-0.0025870107992661266,-0.006750000000000034,-0.009062499999999973,-0.003750000000000031,True
multiclass,stable,12,0,-0.0008924569701775908,0.9978750000000001,8,True,0.8235,0.12483333333333334,0.09365999641418145,1.4230011042957755,0.837,0.0,0.0,1.1069434151278839,0.830125,0.12460000000000002,0.019846775090617195,0.8359539441017283,0.8255625,0.12285833333333335,0.09044277446534774,1.3952445705803076,-0.015947246240285224,0.002062499999999967,-0.01143749999999999,-0.004562500000000025,True
multiclass,stable,13,0,0.002232716738944873,0.99825,8,True,0.7910625,0.15105000000000002,0.09586219513951783,1.8294205639571368,0.791,0.0,0.0,1.6851529685953996,0.794875,0.11390000000000002,0.024171005489415375,1.2733445400473702,0.7923125000000001,0.14711666666666667,0.0910058786319972,1.7337691228884884,-0.026383454443823437,0.0012500000000000844,0.0013125000000000497,-0.002562499999999912,True
multiclass,stable,14,0,-0.008605591988271044,0.996,8,True,0.80525,0.13143333333333335,0.0854564421097292,1.6951764403901475,0.804,0.0,0.0,1.4675999031848779,0.8070625,0.09358333333333334,0.019587367104304792,0.9611745135731522,0.8056875,0.12382500000000002,0.08597333373078915,1.6324870891649117,-0.05961281055140213,0.00043749999999997957,0.001687499999999953,-0.001375000000000015,True
multiclass,stable,15,0,0.0031007970101200044,0.99775,8,True,0.8182499999999999,0.1288,0.1010760204823665,1.4056278376064835,0.801,0.0,0.0,0.8032718582436426,0.8191875,0.09618333333333332,0.020762127968120152,0.8158728511003198,0.8193125,0.12789166666666668,0.10181169606922327,1.3677719614351038,-0.007077232737070934,0.0010625000000000773,0.018312499999999954,0.00012500000000004174,True
multiclass,stable,16,0,0.0007918925839476287,0.9978750000000001,8,True,0.7894375,0.14510833333333334,0.10094234937139589,1.7886624453723516,0.793,0.0,0.0,1.3799698668539215,0.7930625,0.12322499999999999,0.024524276201927674,1.0805238222873568,0.7902500000000001,0.14461666666666667,0.09922355046798804,1.7434222294780513,-0.0033940230678517077,0.0008125000000001048,-0.002749999999999919,-0.0028124999999998845,True
multiclass,stable,17,0,0.004454502137377858,0.999125,8,True,0.807625,0.14715833333333334,0.09798259756911144,1.519220107278386,0.803,0.0,0.0,1.267350427283142,0.8076875,0.11590833333333334,0.017050214614609385,0.9206635928800407,0.808,0.14545833333333336,0.09309404065733624,1.5259820232340089,-0.011619297146437176,0.0003750000000000142,0.0050000000000000044,0.00031250000000004885,True
multiclass,stable,18,0,0.00017470563761889935,0.9982500000000001,8,True,0.814875,0.130125,0.09998608079992444,1.5358681832196361,0.811,0.0,0.0,1.134733822144971,0.8256249999999999,0.11967499999999999,0.020308153628668668,0.9057399785044975,0.8166875,0.12721666666666667,0.09696784457466598,1.4913799311270444,-0.022602894983970608,0.0018124999999999947,0.0056874999999999565,-0.008937499999999932,True
multiclass,stable,19,0,0.0015004200395196676,0.997625,8,True,0.8135,0.14356666666666668,0.09654827466912845,1.5092792029993365,0.824,0.0,0.0,1.1307764872018005,0.8294374999999999,0.09836666666666666,0.022787634302377492,0.8222660791581844,0.815125,0.13903333333333334,0.09270788554773515,1.4520940978463241,-0.032083038452465205,0.0016249999999999876,-0.008874999999999966,-0.01431249999999995,True
multiclass,stable,20,0,0.0010483155492693186,0.9984999999999999,8,True,0.8037500000000001,0.13301666666666667,0.09270488444135237,1.7612993388155074,0.805,0.0,0.0,1.6277785102413291,0.8031875,0.11309166666666667,0.022810761919445272,1.1216320970142566,0.805625,0.1283,0.08850371607355934,1.6967794245134125,-0.03609924102302449,0.00187499999999996,0.0006249999999999867,0.0024374999999999813,True
multiclass,stable,21,0,-0.012792670633643866,0.99675,8,True,0.8120625,0.14700833333333332,0.09875782071890067,1.4046479856069052,0.827,0.0,0.0,1.2299654858609788,0.8004375000000001,0.11036666666666668,0.021064786408185248,0.9411896927930763,0.8093125,0.14106666666666665,0.0972438924587865,1.501349234877389,-0.04125083166999343,-0.00275000000000003,-0.017687499999999967,0.008874999999999855,True
multiclass,stable,22,0,0.0036556582199409604,0.998625,8,True,0.82325,0.12831666666666666,0.0908907500093561,1.265612887930046,0.829,0.0,0.0,0.6582132298144773,0.8296875,0.11581666666666666,0.021959380257543494,0.7113072857459881,0.823,0.12595833333333334,0.09058108764870314,1.293918005977409,-0.018549470717399062,-0.0002500000000000835,-0.006000000000000005,-0.006687500000000068,True
multiclass,stable,23,0,0.0040198907954618335,0.99525,8,True,0.808625,0.13379166666666664,0.09519106591672936,1.5997723632281478,0.812,0.0,0.0,1.1934492934030558,0.8125625,0.111475,0.020736073374565695,1.0816664979461699,0.8106875,0.1313666666666667,0.0878231570445805,1.5818905202850604,-0.018290958232502253,0.002062499999999967,-0.0013125000000000497,-0.00187499999999996,True
multiclass,moving,0,0,-0.003787791511058458,0.51275,0,False,0.8305624999999999,0.13658333333333333,0.10288125175457864,1.5362719764367292,0.456,0.0,0.0,13.63762443147789,0.47350000000000003,0.47753333333333337,0.0447042193468941,1.1391475418345658,0.8113125,0.17277499999999998,0.11130611996216223,1.377746809264082,0.23397893489211533,-0.01924999999999988,0.3553125,0.33781249999999996,False
multiclass,moving,1,0,-0.0013797601568512619,0.5015000000000001,0,False,0.8086249999999999,0.13154166666666667,0.0927388352850911,1.7650480941691755,0.426,0.0,0.0,7.348579788317653,0.4433125,0.4279666666666666,0.0530125244598028,1.4709192770874089,0.7909375000000001,0.15141666666666667,0.1059337892054552,1.8935816016974236,0.14048004712118986,-0.017687499999999856,0.3649375000000001,0.3476250000000001,False
multiclass,moving,2,0,0.0012134225107729435,0.5095000000000001,0,False,0.8060625,0.136975,0.09225272594504963,1.7586532342104828,0.428,0.0,0.0,11.701371194504041,0.48525,0.42423333333333335,0.042817168299742,1.1291979843936861,0.7965625000000001,0.14657499999999998,0.10700428789998156,1.6709218962456645,0.06771292540998039,-0.009499999999999953,0.36856250000000007,0.31131250000000005,False
multiclass,moving,3,0,0.006578619941137731,0.5233749999999999,0,False,0.8111875,0.14295833333333335,0.10762776538710558,1.380072625795751,0.418,0.0,0.0,8.790562708900142,0.447625,0.4450333333333333,0.05241120838835347,1.2935766335281074,0.8075625,0.16110833333333333,0.10601266618913388,1.4400425299188395,0.1193817145362857,-0.0036249999999999893,0.3895625,0.35993749999999997,False
multiclass,moving,4,0,0.015710953157395124,0.50575,0,False,0.80625,0.13075,0.10722571875332222,1.9306080359272646,0.447,0.0,0.0,9.473600005649432,0.4633125,0.43510000000000004,0.04056174770430115,1.135832615838815,0.7893125,0.1703166666666667,0.11078894106539418,1.7199494284661927,0.2628432240921171,-0.01693750000000005,0.34231249999999996,0.32599999999999996,False
multiclass,moving,5,0,0.0023436542542185634,0.508875,0,False,0.7960625,0.1361416666666667,0.08683018166977653,1.8927092582890865,0.443,0.0,0.0,10.618843341743665,0.452625,0.4431083333333333,0.050657409073786,1.4086125810969294,0.7813125000000001,0.16374999999999998,0.10427041128719677,1.8979686909809863,0.18412204407146995,-0.01474999999999993,0.33831250000000007,0.3286875000000001,False
multiclass,moving,6,0,-0.001132014993345365,0.509,0,False,0.805375,0.1376666666666667,0.10589299848095736,1.875500004026005,0.445,0.0,0.0,10.321763291720028,0.4415,0.4644833333333333,0.051597239411924775,1.38115912390934,0.7971875,0.15560000000000004,0.10997241883678209,1.7399331219692122,0.12230052284610152,-0.008187499999999903,0.35218750000000004,0.35568750000000005,False
multiclass,moving,7,0,-0.0015331257309298962,0.5118750000000001,0,False,0.8108124999999999,0.13335000000000002,0.09336441663393374,1.7494858324194535,0.452,0.0,0.0,11.329131132309946,0.510625,0.33094166666666663,0.039947666387350714,1.318246840654452,0.7990625,0.14561666666666664,0.08935467835682015,1.6472440891350826,0.08794360138606729,-0.011749999999999927,0.3470625,0.2884375,False
multiclass,moving,8,0,-0.003746523812878877,0.51125,0,False,0.80575,0.14466666666666667,0.10226912670659273,1.8493018486713728,0.431,0.0,0.0,10.389189234075358,0.4798125,0.36916666666666664,0.04730401795221975,1.149596034703865,0.795375,0.15693333333333334,0.10016702413553315,1.7191473862493956,0.081343943412909,-0.010374999999999912,0.36437500000000006,0.3155625000000001,False
multiclass,moving,9,0,-0.001926502118294593,0.521,0,False,0.8211875,0.11750000000000001,0.08334164082365388,1.6256647268769324,0.419,0.0,0.0,10.94076363305891,0.535,0.3476416666666667,0.044646819143572644,1.3399651727623119,0.80925,0.12895833333333334,0.09188280542363568,1.5610388086064464,0.0929839391377853,-0.011937499999999934,0.39025000000000004,0.27425,False
multiclass,moving,10,0,0.003794135700445622,0.50125,0,False,0.8022500000000001,0.14508333333333334,0.11170573199082838,1.597120899647292,0.399,0.0,0.0,13.063400169384739,0.4251875,0.48068333333333335,0.053221417922632935,1.2227678285628425,0.7817500000000001,0.17198333333333335,0.11824487173738006,1.6842704163910995,0.16968040370058876,-0.020500000000000074,0.38275000000000003,0.35656250000000006,False
multiclass,moving,11,0,0.002222988347057253,0.51675,0,False,0.8029375000000001,0.14475000000000005,0.10167971886638551,1.7693014388316153,0.446,0.0,0.0,11.08933828774234,0.45199999999999996,0.46213333333333334,0.044398117127553295,1.2262407563217443,0.7830625,0.17746666666666666,0.11982354124701704,1.9572212339185597,0.20307246676666804,-0.019875000000000087,0.3370625,0.33106250000000004,False
multiclass,moving,12,0,7.333513349294662e-05,0.517,0,False,0.8131875000000001,0.13273333333333334,0.08595934525476193,1.43890308553418,0.435,0.0,0.0,7.073906399061691,0.4873125,0.37409166666666666,0.048681118228686975,1.250246366935218,0.8034375,0.150125,0.0966094466878165,1.4617968053293828,0.12297086291724361,-0.009750000000000036,0.36843750000000003,0.31612500000000004,False
multiclass,moving,13,0,-0.0009448272176086903,0.5195,0,False,0.8147500000000001,0.12399166666666668,0.09128109942644393,1.689951896354549,0.425,0.0,0.0,11.669858234975512,0.4485,0.4935083333333333,0.047285482149372254,1.31471237042508,0.8082499999999999,0.14345833333333333,0.10484567435861646,1.6841970290964698,0.1455723811304292,-0.006500000000000172,0.3832499999999999,0.3597499999999999,False
multiclass,moving,14,0,0.011305067222565413,0.5225,0,False,0.8159375,0.13885833333333333,0.10084032102732032,1.4353580955515766,0.44,0.0,0.0,7.387450504746274,0.4350625,0.4611166666666667,0.0422639689368594,1.247060249208615,0.7946875,0.18178333333333332,0.11651409655387607,1.5832727161344167,0.2677443667645606,-0.02124999999999999,0.3546875,0.359625,False
multiclass,moving,15,0,-0.001225047162733972,0.5042500000000001,0,False,0.80725,0.14134166666666664,0.0976489028977482,1.5848857827768514,0.439,0.0,0.0,11.14316383709007,0.4408125,0.4875333333333334,0.03840257402497511,1.222089748227782,0.7884374999999999,0.17701666666666668,0.12081792772373205,1.6937448974585085,0.22411852472318955,-0.01881250000000012,0.3494374999999999,0.3476249999999999,False
multiclass,moving,16,0,0.0003328013699501753,0.501625,0,False,0.8268125000000001,0.13685,0.08973723427273671,1.2157617148635764,0.465,0.0,0.0,9.782103487102802,0.467375,0.3716583333333333,0.052428105222466596,1.365659856599658,0.802125,0.171075,0.10721178589422221,1.1999857036858326,0.22229438986766262,-0.024687500000000084,0.33712499999999995,0.33475,False
multiclass,moving,17,0,-0.002577252162154764,0.508875,0,False,0.8096875,0.1482833333333333,0.10293073459557538,1.4866434841350555,0.469,0.0,0.0,10.532262186554872,0.4400625,0.4967333333333333,0.04891764418292547,1.2746515239617877,0.8004375,0.16808333333333333,0.10729402556800145,1.468150579134201,0.1251712148351072,-0.00924999999999998,0.33143750000000005,0.360375,False
multiclass,moving,18,0,0.0005622097523882985,0.5426249999999999,0,False,0.8118125,0.12465833333333333,0.09233509885045373,1.495473061008889,0.409,0.0,0.0,9.010259560114344,0.4881875,0.39953333333333335,0.04673024309825351,1.279321884770076,0.80125,0.15114166666666667,0.10365205308188147,1.530153267941302,0.19204737732656524,-0.01056250000000003,0.39225000000000004,0.3130625,False
multiclass,moving,19,0,-0.008684176718816161,0.50175,0,False,0.806,0.12746666666666667,0.09139935576162633,1.7681193911904876,0.461,0.0,0.0,11.956267935357038,0.5206875,0.38055000000000005,0.03968374485531413,1.2247753797395808,0.7904375,0.15277500000000002,0.1082754819205357,1.91106561820216,0.18061791905795602,-0.015562500000000035,0.3294375,0.26975000000000005,False
multiclass,moving,20,0,0.005412390572018921,0.506625,0,False,0.8113750000000001,0.13881666666666667,0.09938562628249219,1.673538741709336,0.473,0.0,0.0,8.185959579786692,0.4595,0.42861666666666665,0.056378096320344025,1.5001090724811073,0.8062499999999999,0.15281666666666668,0.10004201352401389,1.6027788102441123,0.09601097268259237,-0.005125000000000157,0.33324999999999994,0.3467499999999999,False
multiclass,moving,21,0,0.00030425330623984337,0.503875,0,False,0.8240625,0.12553333333333333,0.08771095831314003,1.3932857548090456,0.43,0.0,0.0,8.120053909391824,0.4428125,0.44295833333333334,0.04313741304297315,1.3040960711815532,0.81175,0.16355833333333336,0.10750980273805598,1.531366984342067,0.2630653483612466,-0.01231250000000006,0.38175,0.3689375,False
multiclass,moving,22,0,-0.0004643539432436228,0.512875,0,False,0.8140624999999999,0.118575,0.09164349775967759,1.793783076609213,0.451,0.0,0.0,10.484541849907448,0.4955625,0.4022916666666667,0.05070562106002125,1.3773104640282932,0.8060625,0.13810833333333333,0.09877194074347263,1.7635617313303238,0.1521979092266736,-0.007999999999999896,0.3550625,0.3105,False
multiclass,moving,23,0,-0.0018211657124993508,0.51675,0,False,0.817125,0.1436833333333333,0.08944273236188546,1.2127143327940941,0.445,0.0,0.0,11.92970193720601,0.48431250000000003,0.45254999999999995,0.04839461292650062,1.215496482827316,0.7989999999999999,0.17673333333333333,0.11729256210357457,1.3986717228851906,0.2062938881664501,-0.018125000000000058,0.3539999999999999,0.3146874999999999,False
regression,stable,0,0,0.00038331514224410057,0.998875,8,True,0.8777104455978463,0.04103973660084041,,,0.8895794858006019,0.0,,,0.8955806655881743,0.00848091783840546,,,0.8806164719331189,0.03871843126282896,,,-0.05820859230315475,0.0029060263352725935,-0.008963013867482994,-0.014964193655055413,True
regression,stable,1,0,-0.0011996515386272222,0.999375,8,True,0.86476662218789,0.05420746841647208,,,0.8816699409237344,0.0,,,0.8903856167837376,0.007546364344601401,,,0.8728237102850124,0.04304765207122574,,,-0.22949570756344884,0.008057088097122356,-0.00884623063872203,-0.017561906498725244,True
regression,stable,2,0,0.0005387004785006866,0.998875,8,True,0.8740507013967687,0.0498509859531444,,,0.8866518523290837,0.0,,,0.8960375159846785,0.008965263475858642,,,0.8832085094087797,0.041468784092980916,,,-0.18357912762876336,0.009157808012011048,-0.0034433429203040156,-0.012829006575898805,True
regression,stable,3,0,-0.0016790798399597406,0.99925,8,True,0.8817737556478682,0.04226090641497499,,,0.8918960134665215,0.0,,,0.8997809613732696,0.007696055725904414,,,0.8837078806996574,0.03834613717428518,,,-0.09713218761967857,0.0019341250517892483,-0.008188132766864031,-0.016073080673612128,True
regression,stable,4,0,0.0006454924296122044,1.0,8,True,0.8646714926341851,0.05468034881843424,,,0.866141571082564,0.0,,,0.8825148792198958,0.011332982384809924,,,0.8695079250018649,0.0441641858152279,,,-0.2127818810049816,0.004836432367679833,0.0033663539193009573,-0.013006954218030886,True
regression,stable,5,0,-0.0004119959194213152,0.99725,8,True,0.8731085416711211,0.05112542869620436,,,0.8832520091180918,0.0,,,0.8936124698050526,0.008958009935431032,,,0.879786400523774,0.03918367285260073,,,-0.26446406040591675,0.006677858852652929,-0.0034656085943177706,-0.013826069281278608,True
regression,stable,6,0,0.007136443862691522,0.9958750000000001,8,True,0.8747375378713984,0.04565367923424443,,,0.8794597715085605,0.0,,,0.8852151114149557,0.009113537228760637,,,0.8684496757594197,0.04250092153461648,,,-0.07152792190380174,-0.006287862111978737,-0.011010095749140802,-0.01676543565553601,True
regression,stable,7,0,0.0017893944022944197,0.9946250000000001,8,True,0.8708042877383264,0.0487494165056215,,,0.8878885947547079,0.0,,,0.8924852552293474,0.0079694321169761,,,0.8745458606581255,0.04314593590210955,,,-0.12195351465980199,0.003741572919799041,-0.013342734096582487,-0.017939394571221956,True
regression,stable,8,0,-0.0010053976438939571,0.9977499999999999,8,True,0.8774852350136166,0.045403132977816126,,,0.8871260308292678,0.0,,,0.8958987971669249,0.009574696300974543,,,0.8806293894187335,0.04092224624170302,,,-0.1038138905759924,0.003144154405116839,-0.0064966414105342984,-0.01526940774819141,True
regression,stable,9,0,0.0006011807126924396,0.99875,8,True,0.8719392183864039,0.05395514726626163,,,0.885631264398305,0.0,,,0.8930032183622936,0.011850244069762123,,,0.8786488368878931,0.04272930792852991,,,-0.23221601270059117,0.006709618501489212,-0.006982427510411893,-0.01435438147440049,True
regression,stable,10,0,0.003374462918145582,0.999,8,True,0.8776383720934716,0.04228447084378404,,,0.8831949827162662,0.0,,,0.8946154895312244,0.009139566291294404,,,0.8766232368500196,0.044127517713867664,,,0.04265720303043354,-0.0010151352434519811,-0.006571745866246537,-0.017992252681204746,False
regression,stable,11,0,-0.0016471159615321085,0.997875,8,True,0.881764381664348,0.04287771906840174,,,0.8958598711382353,0.0,,,0.8986769231395444,0.006021097509202626,,,0.8829573156561841,0.039990769489617044,,,-0.06967544911268536,0.0011929339918360649,-0.012902555482051214,-0.01571960748336032,True
regression,stable,12,0,0.007794723147526383,0.9967499999999999,8,True,0.8685249203843273,0.048407821439354654,,,0.8492913532297344,0.0,,,0.8576501146862354,0.009549846853677636,,,0.8474018500460396,0.040185909703978,,,-0.18560933441384728,-0.02112307033828764,-0.0018895031836947407,-0.010248264640195792,False
regression,stable,13,0,-0.002954527153633535,0.999125,8,True,0.8697266488151721,0.04647699364264726,,,0.8780954088093129,0.0,,,0.8864205751210217,0.009457724956290846,,,0.8723164484446277,0.041064827701518425,,,-0.12364755171933688,0.0025897996294556025,-0.005778960364685171,-0.014104126676393935,True
regression,stable,14,0,0.006806273275287822,0.998125,8,True,0.8819107501738502,0.0433625862177245,,,0.8881565865911631,0.0,,,0.8934901923017974,0.007468596981146325,,,0.8774841442192338,0.03995218135097788,,,-0.08186795609636326,-0.004426605954616414,-0.010672442371929325,-0.016006048082563562,True
regression,stable,15,0,-0.00031831744126975536,0.996625,8,True,0.8687472455224061,0.048957501293877256,,,0.8728765356133362,0.0,,,0.8849024559703442,0.008310848955930955,,,0.868091292339001,0.03996652400786571,,,-0.20221705563828804,-0.0006559531834051668,-0.004785243274335271,-0.016811163631343273,True
regression,stable,16,0,0.00023244364274432883,0.999,8,True,0.8604774668725568,0.04286561555309483,,,0.8677518115551008,0.0,,,0.8765077644869328,0.009577248736131354,,,0.8602683800487305,0.042279197847971316,,,-0.013774596048763462,-0.00020908682382625443,-0.007483431506370319,-0.016239384438202276,True
regression,stable,17,0,0.008678579237312078,0.9958750000000001,8,True,0.8637606646636122,0.05032755695059327,,,0.8683954426951089,0.0,,,0.8800421932983723,0.008429216425165238,,,0.8637509284977842,0.042682211664650783,,,-0.1643987593941705,-9.73616582800041e-06,-0.004644514197324701,-0.016291264800588068,True
regression,stable,18,0,-0.005501105741132051,0.9969999999999999,8,True,0.8639589623706435,0.05819429214075954,,,0.8550881679246245,0.0,,,0.8683579409336781,0.0092274354018501,,,0.8528713574766218,0.040491961784951756,,,-0.3587597999035141,-0.011087604894021719,-0.002216810448002704,-0.015486583457056335,True
regression,stable,19,0,-0.0020900045456073713,0.9985,8,True,0.868155515308431,0.04898504645953678,,,0.8784917998099508,0.0,,,0.8839332584399706,0.013007526953254838,,,0.8689667714460646,0.041334129559775126,,,-0.16941954603584397,0.0008112561376335536,-0.009525028363886245,-0.014966486993906014,True
regression,stable,20,0,0.0028645506245084107,0.99625,8,True,0.8753554175794183,0.05344155066284772,,,0.8835839892468548,0.0,,,0.8907551673446557,0.009050162768245112,,,0.874567737120566,0.041991171800289835,,,-0.23996756179686227,-0.0007876804588522468,-0.00901625212628876,-0.01618743022408964,True
regression,stable,21,0,0.0012814283254556358,0.998125,8,True,0.8761350525892203,0.04462787863419929,,,0.8786221333856231,0.0,,,0.8913171350534471,0.008711643769921177,,,0.8767344631011823,0.04431758781024911,,,-0.006977102630497267,0.0005994105119619952,-0.0018876702844408122,-0.014582671952264814,True
regression,stable,22,0,0.00335667553008534,0.995375,8,True,0.8664763531770968,0.04514066509147465,,,0.8764421083724588,0.0,,,0.8854171426933081,0.006949345087496502,,,0.8686202475277143,0.040152744722806305,,,-0.11695910339448526,0.002143894350617459,-0.007821860844744566,-0.016796895165593795,True
regression,stable,23,0,0.008368584924028255,0.996,8,True,0.8705477881437826,0.04488017900714525,,,0.8768929391697267,0.0,,,0.8864984343423725,0.011061765009731595,,,0.8673351071528047,0.04506904258215418,,,0.004199337618979493,-0.003212680990977934,-0.009557832016921952,-0.019163327189567814,False
regression,moving,0,0,0.003684863171656616,0.519875,0,False,0.8729937236289373,0.05008436810577801,,,-0.8511488530053082,0.0,,,0.01572947380962607,0.062267157648023555,,,0.8647462131438677,0.060670594356549666,,,0.19116482034604038,-0.008247510485069665,1.7158950661491759,0.8490167393342416,False
regression,moving,1,0,-0.0059922426007688046,0.510875,0,False,0.862337668003867,0.04721449014812418,,,-0.70504794341738,0.0,,,0.00733132418180811,0.08098995498939018,,,0.8603194825904272,0.051059733182931014,,,0.07825537367725435,-0.002018185413439788,1.5653674260078072,0.8529881584086191,False
regression,moving,2,0,-0.00031222181860357523,0.50175,0,False,0.8669228847955714,0.053643053013970744,,,-0.658975064838317,0.0,,,0.0810410097689675,0.06639695814884457,,,0.8632284267916155,0.055475046852077915,,,0.033578184377405625,-0.0036944580039559582,1.5222034916299325,0.7821874170226479,False
regression,moving,3,0,0.004822160641197115,0.509625,0,False,0.8755523443852422,0.041601533974874344,,,-0.6803149174236369,0.0,,,0.016758226746601462,0.08904892848834893,,,0.8641721910028939,0.05598683936064265,,,0.29481596821601735,-0.011380153382348324,1.5444871084265308,0.8474139642562925,False
regression,moving,4,0,-0.003478939994238317,0.520375,0,False,0.8642003238632612,0.052083035672040444,,,-0.7868391063959523,0.0,,,0.13531518261245803,0.07042365714848006,,,0.8571809756069406,0.06261488969101486,,,0.18364506569125397,-0.007019348256320557,1.644020082002893,0.7218657929944826,False
regression,moving,5,0,-0.0003774766228161752,0.5161250000000001,0,False,0.8679278049416386,0.0535558677796404,,,-0.6895420801576482,0.0,,,0.1860182704631707,0.06087185149091283,,,0.8591075967678695,0.06075073317659671,,,0.12588713751904673,-0.00882020817376905,1.5486496769255176,0.6730893263046989,False
regression,moving,6,0,0.022417920641601086,0.5098750000000001,0,False,0.8609773845072508,0.048204882651125255,,,-0.8176056212309029,0.0,,,0.014539484621855885,0.08131010482766644,,,0.8546873291826411,0.05758056099679622,,,0.17725838305079852,-0.006290055324609689,1.672292950413544,0.8401478445607853,False
regression,moving,7,0,0.008249774342402816,0.5351250000000001,0,False,0.8773913608824535,0.04426557976300994,,,-0.552256356890507,0.0,,,0.0831390875685866,0.057643384328208404,,,0.8715664267749255,0.053114440044448645,,,0.18173872420512588,-0.005824934107528046,1.4238227836654325,0.7884273392063389,False
regression,moving,8,0,-0.0005202909233048558,0.5211250000000001,0,False,0.8646545531824976,0.05520530095382711,,,-0.6919351659716841,0.0,,,0.07984661110085096,0.05714076661986581,,,0.8632620496775181,0.05459781788923671,,,-0.011064950995766286,-0.0013925035049795476,1.5551972156492022,0.7834154385766671,True
regression,moving,9,0,-0.0013420921750366688,0.532625,0,False,0.8669000002951239,0.044820163717838334,,,-0.6509552427968266,0.0,,,0.03673959714504018,0.05328426182673416,,,0.8640456109453856,0.04773933327544902,,,0.06307660807237082,-0.002854389349738362,1.5150008537422122,0.8273060138003454,False
regression,moving,10,0,0.0034715638030320406,0.5128750000000001,0,False,0.888383215044816,0.03922896271640539,,,-0.8034512699292768,0.0,,,0.026379263390921587,0.06794313451493031,,,0.8816963346888583,0.04840815873282719,,,0.20948191507497707,-0.006686880355957658,1.6851476046181353,0.8553170712979368,False
regression,moving,11,0,-0.002012170967645943,0.52775,0,False,0.8678251110743428,0.052264789486769915,,,-0.7087209614127303,0.0,,,0.026471336073680143,0.06931068023625798,,,0.8691760111437514,0.05081586392511858,,,-0.028112463662055637,0.0013509000694086337,1.5778969725564818,0.8427046750700713,True
regression,moving,12,0,0.00013425026554614305,0.51725,0,False,0.8686655948423665,0.05374995639005863,,,-0.6392921440828259,0.0,,,0.03718725280025358,0.08308129988146087,,,0.8550532146300334,0.0684117390871634,,,0.2400389523054478,-0.01361238021233313,1.4943453587128592,0.8178659618297798,False
regression,moving,13,0,-0.0008604333270341158,0.5175000000000001,0,False,0.8865376835791288,0.04602939842448502,,,-0.6569649149929175,0.0,,,0.06820467267325797,0.054368300216748724,,,0.8821431417126793,0.05489496225697265,,,0.17568729239652153,-0.004394541866449497,1.5391080567055968,0.8139384690394214,False
regression,moving,14,0,0.0003378168912604451,0.513,0,False,0.8694893377241003,0.05983225788949069,,,-0.8119229959264622,0.0,,,0.010615615640625332,0.07945053724691789,,,0.8678735315255649,0.062190537442749,,,0.03865309833031222,-0.0016158061985354077,1.679796527452027,0.8572579158849396,False
regression,moving,15,0,0.0005883834965061396,0.515125,0,False,0.8749035604186108,0.04710304751603687,,,-0.7675358740053397,0.0,,,0.05406448261603311,0.06507929558503257,,,0.8686713670636221,0.053884802004882104,,,0.1343083256256574,-0.006232193354988702,1.6362072410689619,0.814606884447589,False
regression,moving,16,0,0.011786089977249503,0.517875,0,False,0.8730195575981408,0.04583923203928036,,,-0.7145778747048022,0.0,,,0.03595911488519911,0.051896286330452304,,,0.8681706865991481,0.050513141312576414,,,0.09701700354028668,-0.0048488709989926715,1.5827485613039503,0.832211571713949,False
regression,moving,17,0,-0.00022088282275944948,0.522,0,False,0.8854422486644429,0.04161643987891954,,,-0.7019839517009232,0.0,,,0.001198916738160312,0.07460026758660539,,,0.879427587240124,0.04992894249123507,,,0.18160397383463334,-0.0060146614243188345,1.5814115389410472,0.8782286705019637,False
regression,moving,18,0,0.0012450444046407938,0.520875,0,False,0.8756066215271774,0.05316997447635252,,,-0.6783412354814311,0.0,,,0.222104591672666,0.0680126437619242,,,0.8696095479671515,0.05677590071593646,,,0.06559457066083436,-0.0059970735600258784,1.5479507834485826,0.6475049562944855,False
regression,moving,19,0,0.0007621049444423988,0.516375,0,False,0.874349732277256,0.05317189847526062,,,-0.5359272213881632,0.0,,,0.027944088182846813,0.08356790253929113,,,0.8723791919986291,0.05387268212387094,,,0.013093304578111581,-0.0019705402786268644,1.4083064133867924,0.8444351038157824,False
regression,moving,20,0,-0.002390952955465764,0.534125,0,False,0.8751390511888035,0.040889499663293645,,,-0.728701512730964,0.0,,,-0.02402885189699657,0.08649095822331065,,,0.8721446676502121,0.04762009098888951,,,0.15208727723180016,-0.002994383538591383,1.600846180381176,0.8961735195472087,False
regression,moving,21,0,-0.0005019782111048698,0.506625,0,False,0.8809190537907905,0.042931684497665004,,,-0.7055199949817723,0.0,,,0.027770479762598825,0.061102665007389784,,,0.8805694886214932,0.040699446802649204,,,-0.05338293672005877,-0.00034956516929729453,1.5860894836032655,0.8527990088588944,True
regression,moving,22,0,0.009748473297804594,0.520875,0,False,0.8639414768609919,0.05593515631408526,,,-0.6637645585535898,0.0,,,0.02583978469687301,0.06763461801549725,,,0.844239990823307,0.07205966247084952,,,0.2519556074196676,-0.019701486037684846,1.508004549376897,0.818400206126434,False
regression,moving,23,0,0.000530049204826355,0.5021249999999999,0,False,0.87705269366911,0.04703683930813973,,,-0.8926541966217645,0.0,,,0.15391472310003057,0.05524474938929278,,,0.8699320920648317,0.05792305316716172,,,0.2074356900009909,-0.007120601604278298,1.7625862886865962,0.7160173689648011,False
