bootstrap_split_config,bootstrap_split_eligible,bootstrap_split_instability,bootstrap_split_mean_fit_seconds,bootstrap_split_mean_leaf_count,bootstrap_split_probability_instability,bootstrap_split_root_feature_disagreement,bootstrap_split_score,bootstrap_split_validation_instability,bootstrap_split_validation_score,cart_config,cart_validation_instability,cart_validation_score,fit_time_ratio,instability_delta,instability_delta_mcse,instability_effect_percent,normalized_instability_delta,probability_instability_effect_percent,process,pruned_cart_instability,pruned_cart_mean_fit_seconds,pruned_cart_mean_leaf_count,pruned_cart_probability_instability,pruned_cart_root_feature_disagreement,pruned_cart_score,root_disagreement_effect_percent,score_delta,score_floor,source,task,unit_index,unit_seed
split:d=5:leaf=5:pi=0.5,True,0.11311578947368421,0.26650913760095135,9.3,0.06957044328660973,0.0,0.8125,0.094375,0.8040625,cart:d=3:leaf=10:alpha=p80,0.08541666666666667,0.806875,129.9537372924815,0.06947368421052633,0.015999166644964143,88.63819500402903,0.06947368421052633,82.74758157333453,classification_unique,0.043642105263157885,0.0020508001012785825,2.9,0.0288501237781744,0.0,0.8352999999999999,0.0,-0.02279999999999993,0.796875,synthetic,classification,0,2243476151
split:d=5:leaf=10:pi=0.3,True,0.15787894736842106,0.3379747020007926,16.45,0.11774546298900672,0.0,0.8064500000000001,0.120125,0.8121875000000001,cart:d=3:leaf=10:alpha=p80,0.03958333333333333,0.821875,160.33431252841117,0.06432105263157895,0.028495633193721295,51.16279069767441,0.06432105263157895,93.23126043665422,classification_unique,0.09355789473684212,0.0021079374506371095,3.0,0.04287242313087084,0.0,0.8384,0.0,-0.03194999999999992,0.811875,synthetic,classification,1,4057986882
split:d=3:leaf=5:pi=0.5,True,0.08320526315789474,0.15378203964792192,5.25,0.035659720315822395,0.0,0.82125,0.09912499999999999,0.8465625,cart:d=3:leaf=10:alpha=p80,0.05445833333333334,0.8565625,72.64642186684816,0.05386842105263158,0.01680228159110145,95.73025300472337,0.05386842105263158,-11.32024637568016,classification_unique,0.029336842105263158,0.0021168563529499807,2.35,0.039938683075830206,0.0,0.827,0.0,-0.005749999999999922,0.8465625,synthetic,classification,2,3489301722
split:d=3:leaf=10:pi=0.5,True,0.09539473684210527,0.16524802090134472,5.65,0.05219850171893272,0.0,0.8243499999999999,0.05591666666666668,0.84625,cart:d=3:leaf=10:alpha=p80,0.05620833333333334,0.8396875,83.1780992914026,0.03690526315789475,0.01655509320756338,47.964977084615924,0.03690526315789475,16.42865830860939,classification_unique,0.05848947368421052,0.0019866770497174004,2.6,0.044273937978959725,0.0,0.8366499999999999,0.0,-0.012299999999999978,0.8296875,synthetic,classification,3,2506171897
split:d=3:leaf=10:pi=0.5,True,0.07008421052631579,0.1633806748999632,5.25,0.046148774827164105,0.0,0.8328,0.12300000000000001,0.8287500000000001,cart:d=3:leaf=10:alpha=p80,0.09749999999999999,0.8375,78.71072147262069,0.02437368421052631,0.00932386424420929,42.098086450615874,0.02437368421052631,-1.2780531233044161,classification_unique,0.04571052631578948,0.002075710549252108,2.25,0.046742373941217934,0.0,0.83895,0.0,-0.006149999999999989,0.8275,synthetic,classification,4,2698401249
split:d=3:leaf=10:pi=0.5,True,0.08370526315789474,0.15992023135113415,5.2,0.05546203491054207,0.0,0.8166,0.10704166666666667,0.8078125,cart:d=3:leaf=10:alpha=p80,0.05725000000000001,0.811875,81.62752933583525,0.052352631578947366,0.020666370965626474,91.00224143451808,0.052352631578947366,30.622148203959046,classification_unique,0.031352631578947375,0.0019591458010836506,2.3,0.040733469888055526,0.0,0.8252499999999999,0.0,-0.008649999999999936,0.801875,synthetic,classification,5,717907214
split:d=5:leaf=10:pi=0.5,False,0.10317894736842105,0.24362131250236416,7.5,0.07377300711829052,0.0,0.8168999999999998,0.098875,0.8384375,cart:d=3:leaf=10:alpha=p80,0.06275,0.8512500000000001,123.5951915322501,0.07080526315789473,0.016554455593585676,104.469035138808,0.07080526315789473,63.55127813620372,classification_unique,0.03237368421052631,0.0019711229011591057,2.5,0.03819458816715448,0.0,0.8342499999999999,0.0,-0.017350000000000088,0.84125,synthetic,classification,6,103388429
split:d=3:leaf=10:pi=0.5,False,0.04304736842105263,0.17750086875166743,5.45,0.030595916567608808,0.0,0.8420499999999999,0.10908333333333334,0.8543750000000001,cart:d=3:leaf=10:alpha=p80,0.06666666666666667,0.8675,87.40027500716288,0.015184210526315797,0.006542935121182235,42.826393527796355,0.015184210526315797,-9.853906144145359,classification_unique,0.027863157894736836,0.0020308959981775844,2.6,0.03376704971199905,0.0,0.8427,0.0,-0.0006500000000001505,0.8575,synthetic,classification,7,3186109436
split:d=5:leaf=5:pi=0.5,True,0.02861578947368421,0.1985346062509052,5.45,0.041370433256581386,0.0,0.8096500000000001,0.07070833333333333,0.8665624999999999,cart:d=3:leaf=10:alpha=p80,0.06879166666666667,0.8678125,86.95216378154635,0.014842105263157893,0.007602338821412497,70.0273156195679,0.014842105263157893,61.91330048583727,classification_unique,0.013773684210526316,0.0022832624010334255,2.4,0.021811441325337307,0.0,0.8144500000000001,0.0,-0.0048000000000000265,0.8584375,synthetic,classification,8,4246356277
split:d=5:leaf=10:pi=0.5,False,0.12854210526315787,0.2340855331502098,7.1,0.05170145462569314,0.0,0.81415,0.1574583333333333,0.7934375,cart:d=3:leaf=10:alpha=p80,0.12274999999999998,0.823125,113.35861445884251,0.0346315789473684,0.01978596584563019,31.136137793971496,0.0346315789473684,-40.74761639444953,classification_unique,0.09391052631578947,0.0020649999496527016,2.05,0.07815896806977268,0.0,0.8271499999999999,0.0,-0.0129999999999999,0.813125,synthetic,classification,9,1199136722
split:d=5:leaf=10:pi=0.5,True,0.08186315789473685,0.27598291040048933,8.3,0.06476757901516272,0.0,0.8290999999999998,0.12224999999999998,0.796875,cart:d=3:leaf=10:alpha=p80,0.09645833333333333,0.8046874999999999,137.40278039856153,0.031152631578947376,0.011683083687299532,46.99670491087381,0.031152631578947376,46.958149449437,classification_unique,0.05071052631578947,0.002008568601013394,2.6,0.04013696316666707,0.0,0.8401500000000001,0.0,-0.011050000000000226,0.7946874999999999,synthetic,classification,10,2912448443
split:d=5:leaf=10:pi=0.5,False,0.11866315789473685,0.2662310083505872,8.05,0.06763472969505693,0.0,0.8011999999999999,0.1295,0.7818750000000001,cart:d=3:leaf=10:alpha=p80,0.09220833333333332,0.7934375,116.6640451191429,0.060363157894736834,0.016559019026231928,68.22115813579988,0.060363157894736834,31.069105470287603,classification_unique,0.05830000000000001,0.0022820313497504685,3.3,0.049446659541123504,0.0,0.82075,0.0,-0.019550000000000067,0.7834375,synthetic,classification,11,1140138156
split:d=5:leaf=5:pi=0.5,True,0.0756421052631579,0.23982035419830935,6.5,0.04907138290443503,0.0,0.8196999999999999,0.08204166666666667,0.8484375,cart:d=3:leaf=10:alpha=p80,0.06387499999999999,0.8521875,114.6875853929398,0.032494736842105264,0.02102474732309523,54.70979175897209,0.032494736842105264,27.74911787419609,classification_unique,0.043147368421052636,0.0020910751009068917,2.3,0.037113597063814154,0.0,0.8272999999999999,0.0,-0.007600000000000051,0.8421875,synthetic,classification,12,1229768212
split:d=3:leaf=10:pi=0.5,True,0.05706842105263158,0.16759462080008233,4.9,0.035986288654945436,0.0,0.8250500000000001,0.08112500000000002,0.8153125,cart:d=3:leaf=10:alpha=p80,0.03283333333333333,0.8231249999999999,67.72366422098638,0.02648421052631579,0.020009442215558573,60.429926744325684,0.02648421052631579,10.742883979718789,classification_unique,0.03058421052631579,0.002474683299078606,2.1,0.03231739586406995,0.0,0.83005,0.0,-0.004999999999999893,0.8131249999999999,synthetic,classification,13,1474435273
split:d=3:leaf=5:pi=0.5,True,0.08981052631578948,0.18686685409847997,5.7,0.05728627120516487,0.0,0.8139000000000001,0.05904166666666667,0.8696875,cart:d=3:leaf=10:alpha=p80,0.051750000000000004,0.8743749999999999,88.59040032424213,0.03186315789473685,0.016964669168598605,43.128873690959615,0.03186315789473685,31.456255591018905,classification_unique,0.05794736842105263,0.00210933524867869,3.3,0.04171519420588747,0.0,0.8229,0.0,-0.008999999999999897,0.8643749999999999,synthetic,classification,14,2360605840
split:d=5:leaf=5:pi=0.5,True,0.12845263157894737,0.24733160624891753,7.9,0.06487064634880134,0.0,0.8177,0.085625,0.8040625,cart:d=3:leaf=10:alpha=p80,0.10933333333333334,0.79125,116.72733488564597,0.06223684210526316,0.02373017301056002,63.94138481087949,0.06223684210526316,39.59018169456252,classification_unique,0.06621578947368421,0.0021188833488849923,3.2,0.04343203265079237,0.0,0.8282499999999999,0.0,-0.010549999999999948,0.78125,synthetic,classification,15,2419180492
split:d=3:leaf=10:pi=0.5,True,0.08262105263157896,0.19751575630070875,5.55,0.039062209856863206,0.0,0.8101,0.062166666666666676,0.8018750000000001,cart:d=3:leaf=10:alpha=p80,0.04929166666666667,0.8053125,83.23045274616688,0.04605263157894737,0.015995971715126,77.27634019252848,0.04605263157894737,-4.644516826928861,classification_unique,0.03656842105263158,0.0023731188499368726,2.15,0.04091959402679201,0.0,0.8145,0.0,-0.0043999999999999595,0.7953125,synthetic,classification,16,707897543
split:d=3:leaf=5:pi=0.5,True,0.10763684210526316,0.18920953350097988,5.4,0.06018702918930701,0.0,0.8106500000000001,0.09791666666666667,0.785625,cart:d=3:leaf=10:alpha=p80,0.08745833333333335,0.7921875,70.72305906187394,0.036378947368421066,0.017054031781370646,40.67078552515448,0.036378947368421066,28.00593733846473,classification_unique,0.07125789473684209,0.0026753584475954994,2.95,0.045401500463694136,0.0,0.82265,0.0,-0.0119999999999999,0.7821875,synthetic,classification,17,3091581668
split:d=3:leaf=10:pi=0.5,True,0.08381578947368423,0.2621079438002198,5.7,0.03790483905169114,0.0,0.8280500000000002,0.0645,0.8362499999999999,cart:d=3:leaf=10:alpha=p80,0.04879166666666667,0.8409375,101.72044134164797,0.053536842105263174,0.02148218900495116,93.8462957837439,0.053536842105263174,3.4073405258308753,classification_unique,0.030278947368421055,0.0025767480001377407,2.7,0.036634927219679134,0.0,0.8421500000000002,0.0,-0.014100000000000001,0.8309375,synthetic,classification,18,2951709167
split:d=3:leaf=10:pi=0.5,True,0.09984736842105262,0.28473796034959376,5.65,0.04331562573755058,0.0,0.82745,0.07254166666666668,0.8053125,cart:d=3:leaf=10:alpha=p80,0.0385,0.8125,112.02759680817249,0.037899999999999975,0.014577341626266732,46.849484401938746,0.037899999999999975,-16.068322322152195,classification_unique,0.06194736842105264,0.0025416769480216318,2.5,0.05088375586851931,0.0,0.8412,0.0,-0.013749999999999929,0.8025,synthetic,classification,19,3210470050
split:d=3:leaf=10:pi=0.5,True,0.14356315789473684,0.20434679795216654,5.6,0.06955378192771326,0.4789473684210526,0.74625,0.15141666666666667,0.78875,cart:d=3:leaf=10:alpha=p80,0.13654166666666664,0.7934375,94.01712009493501,0.036426315789473696,0.013850030084203187,29.059685512144956,0.036426315789473696,2.3825267286643452,classification_redundant,0.10713684210526314,0.002173506248072954,2.2,0.06791615295646673,0.5263157894736842,0.7605000000000001,-9.424083769633503,-0.014250000000000096,0.7834375,synthetic,classification,0,2017765334
split:d=3:leaf=10:pi=0.5,True,0.1581263157894737,0.3222145707994059,5.5,0.07133413485108038,0.4789473684210526,0.7466,0.15058333333333335,0.7406250000000001,cart:d=3:leaf=10:alpha=p80,0.20625,0.7324999999999999,116.5940035169054,0.04124210526315791,0.017133463034528527,29.993110311567037,0.04124210526315791,24.57593195561989,classification_redundant,0.11688421052631578,0.0027635603983071633,3.0,0.05572157273058023,0.5210526315789473,0.7583999999999999,-8.42105263157894,-0.01179999999999981,0.7224999999999999,synthetic,classification,1,2677735201
split:d=5:leaf=5:pi=0.5,True,0.12499473684210527,0.3620167209512147,6.5,0.08185892048521895,0.4789473684210526,0.76175,0.14491666666666664,0.778125,cart:d=3:leaf=5:alpha=p80,0.14270833333333333,0.7809375000000001,63.103492821817724,0.0316263157894737,0.01862796583395812,28.96671406878933,0.0316263157894737,38.0284441812573,classification_redundant,0.09336842105263157,0.0057368729489098765,2.9,0.055702656689791026,0.4789473684210526,0.7711000000000001,0.0,-0.00935000000000008,0.7709375,synthetic,classification,2,2840656403
split:d=3:leaf=5:pi=0.5,True,0.10290526315789474,0.22459907504744478,5.15,0.05669806922359873,0.0,0.7272000000000001,0.09283333333333334,0.77125,cart:d=3:leaf=10:alpha=p80,0.12658333333333333,0.756875,82.29339035041099,0.058505263157894734,0.029675953602575637,79.43404316135485,0.058505263157894734,36.67419967944661,classification_redundant,0.0444,0.0027292480488540606,3.2,0.03912660334382271,0.0,0.7329999999999999,0.0,-0.005799999999999805,0.7478125,synthetic,classification,3,238648215
split:d=5:leaf=5:pi=0.5,True,0.13643157894736843,0.2184490231513337,4.9,0.07175556841693276,0.1,0.7351,0.12925,0.75125,cart:d=3:leaf=5:alpha=p80,0.13091666666666668,0.74875,91.74506510151048,0.046363157894736856,0.019183007526917612,40.93877076797956,0.046363157894736856,53.18178444327283,classification_redundant,0.09006842105263158,0.002381043851346476,2.85,0.0416105152841008,0.0,0.74715,200.0,-0.012050000000000005,0.73875,synthetic,classification,4,3398644122
split:d=5:leaf=5:pi=0.5,True,0.1464,0.2490692583989585,6.4,0.08485669907755816,0.5052631578947369,0.7486999999999999,0.11025,0.7562500000000001,cart:d=3:leaf=10:alpha=p80,0.08695833333333333,0.7628125,113.03336814225045,0.06009999999999997,0.013995276981102506,51.65449076063598,0.06009999999999997,35.65054287617408,classification_redundant,0.08630000000000003,0.0022035020498151424,2.15,0.05918149925096819,0.5263157894736842,0.7591500000000001,-4.081632653061216,-0.010450000000000181,0.7528125,synthetic,classification,5,4265074752
split:d=3:leaf=5:pi=0.5,True,0.10795263157894737,0.16615521239873488,4.8,0.0543258463479763,0.0,0.73885,0.12054166666666667,0.7778125,cart:d=3:leaf=10:alpha=p80,0.08083333333333333,0.7875000000000001,71.53935767301377,0.02294210526315789,0.019131271665928422,23.77874151051468,0.02294210526315789,2.9128832925882002,classification_redundant,0.08501052631578948,0.0023225706492667085,2.0,0.0527661144313532,0.0,0.7491000000000001,0.0,-0.010250000000000092,0.7775000000000001,synthetic,classification,6,310956179
split:d=3:leaf=10:pi=0.5,True,0.1648157894736842,0.1980598543486849,5.35,0.06395320343290725,0.0,0.7537499999999999,0.1825,0.74,cart:d=3:leaf=10:alpha=p80,0.17787499999999998,0.7453125,85.03753086519596,0.03373157894736842,0.0320636346452904,22.799309866420025,0.03373157894736842,10.264310156450074,classification_redundant,0.13108421052631578,0.0023290875491511543,2.6,0.057709295324626986,0.1,0.7636,-200.0,-0.009850000000000025,0.7353125,synthetic,classification,7,3823504502
split:d=3:leaf=10:pi=0.5,True,0.12702631578947368,0.2236549751010898,5.25,0.0636780648768535,0.3368421052631579,0.75855,0.10066666666666668,0.734375,cart:d=3:leaf=10:alpha=p80,0.12866666666666668,0.735625,83.83413420709117,0.014621052631578951,0.033492221319119594,12.213136375626489,0.014621052631578951,23.413188983975097,classification_redundant,0.11240526315789473,0.002667827099503484,2.65,0.050331435039323746,0.18947368421052632,0.7630499999999999,55.99999999999999,-0.0044999999999999485,0.725625,synthetic,classification,8,932723327
split:d=3:leaf=10:pi=0.5,False,0.12641052631578947,0.22311786669961292,5.55,0.059379602279505575,0.5263157894736842,0.7596,0.17408333333333334,0.763125,cart:d=3:leaf=10:alpha=p80,0.11858333333333333,0.781875,78.59918605325953,0.031173684210526326,0.027090978408154828,28.12908128131457,0.031173684210526326,-16.71108459230849,classification_redundant,0.09523684210526315,0.0028386790996592025,2.55,0.07020728986272111,0.5263157894736842,0.76565,0.0,-0.00605,0.771875,synthetic,classification,9,3776890021
split:d=5:leaf=10:pi=0.5,True,0.1284736842105263,0.21770518130069832,5.6,0.07069925802487405,0.0,0.732,0.13083333333333333,0.7525000000000001,cart:d=3:leaf=10:alpha=p80,0.10575,0.75375,99.42162210050859,0.035542105263157875,0.012590516713428052,32.105926260489206,0.035542105263157875,41.10356071472605,classification_redundant,0.09293157894736842,0.002189716650173068,2.7,0.04659350665316482,0.0,0.7375499999999999,0.0,-0.005549999999999944,0.74375,synthetic,classification,10,798876750
split:d=3:leaf=10:pi=0.5,True,0.10665263157894736,0.17981717695074623,5.15,0.058743475981721215,0.18947368421052632,0.7676000000000001,0.06341666666666668,0.760625,cart:d=3:leaf=5:alpha=p80,0.11583333333333333,0.7518750000000001,77.63044642001218,0.0006000000000000033,0.01532739015256312,0.5641609343296908,0.0006000000000000033,-0.45969859714851186,classification_redundant,0.10605263157894736,0.0023163228506746236,4.3,0.05901414103845986,0.3368421052631579,0.7664,-55.99999999999999,0.0012000000000000899,0.7418750000000001,synthetic,classification,11,3612441336
split:d=5:leaf=10:pi=0.5,True,0.18110526315789477,0.23278314160052105,5.85,0.07809689888908178,0.4421052631578947,0.7354,0.13504166666666664,0.7259374999999999,cart:d=3:leaf=10:alpha=p80,0.12745833333333334,0.7290625,104.60469312430298,0.06747894736842107,0.019908931552334884,45.790103394703486,0.06747894736842107,43.38529757331425,classification_redundant,0.1136263157894737,0.0022253603987337557,2.95,0.05025415545602611,0.3368421052631579,0.7523500000000001,27.027027027027025,-0.01695000000000002,0.7190624999999999,synthetic,classification,12,1757749908
split:d=5:leaf=5:pi=0.5,False,0.12146842105263159,0.25761403340002287,7.1,0.07801830832891572,0.3368421052631579,0.77395,0.12195833333333334,0.7415625,cart:d=3:leaf=10:alpha=p80,0.11474999999999999,0.7518750000000001,110.5203879456994,0.03747368421052634,0.02352303835250313,36.47727854910602,0.03747368421052634,49.013465974078336,classification_redundant,0.08399473684210525,0.002330918649386149,2.3,0.047305529920116524,0.18947368421052632,0.78185,55.99999999999999,-0.007900000000000018,0.7418750000000001,synthetic,classification,13,2111250285
split:d=3:leaf=5:pi=0.5,True,0.12218947368421053,0.21660611024926765,4.25,0.06110145469516809,0.18947368421052632,0.7494,0.11245833333333334,0.7590625,cart:d=3:leaf=10:alpha=p80,0.10241666666666666,0.7562500000000001,81.51712501315389,0.03804736842105262,0.03927992136222045,36.87983062520724,0.03804736842105262,17.347263053761587,classification_redundant,0.08414210526315791,0.0026571853486530017,2.6,0.051348003074271474,0.1,0.75215,61.81818181818182,-0.00275000000000003,0.7462500000000001,synthetic,classification,14,1021680394
split:d=3:leaf=10:pi=0.5,True,0.1653,0.21344877920200817,4.9,0.06232897250708694,0.5052631578947369,0.7406499999999999,0.15295833333333334,0.7684375,cart:d=3:leaf=10:alpha=p80,0.12070833333333333,0.7696875,82.41206108762039,0.04338947368421055,0.031376849215092754,30.214403518416727,0.04338947368421055,16.629378633146047,classification_redundant,0.12191052631578946,0.0025900186985381877,3.0,0.05275970641607755,0.4789473684210526,0.74755,5.347593582887707,-0.006900000000000128,0.7596875,synthetic,classification,15,68613489
split:d=5:leaf=5:pi=0.5,True,0.14341052631578946,0.21134863124971162,4.95,0.06661405782831506,0.5052631578947369,0.7562,0.104625,0.7490625,cart:d=3:leaf=10:alpha=p80,0.08504166666666667,0.7565625,73.03424513897914,0.0026894736842105194,0.033565276369751186,1.893118458831152,0.0026894736842105194,1.655790654019323,classification_redundant,0.14072105263157894,0.0028938292009115683,2.55,0.06552012510244887,0.5052631578947369,0.75605,0.0,0.00014999999999998348,0.7465625,synthetic,classification,16,1011891765
split:d=3:leaf=10:pi=0.5,True,0.09547894736842107,0.14220155410002916,3.5,0.06428443881297574,0.4789473684210526,0.73635,0.08408333333333333,0.750625,cart:d=3:leaf=10:alpha=p80,0.07133333333333333,0.7537499999999999,60.58219497619791,0.009284210526315825,0.006959885056522126,10.220754389014466,0.009284210526315825,9.872417104285775,classification_redundant,0.08619473684210524,0.0023472499495255763,2.6,0.05823654741273252,0.39473684210526316,0.7356499999999999,19.277108433734934,0.0007000000000000339,0.7437499999999999,synthetic,classification,17,2882707581
split:d=5:leaf=5:pi=0.5,True,0.1471526315789474,0.26999921885217193,7.1,0.08580903494963896,0.3368421052631579,0.76085,0.12979166666666667,0.7559375,cart:d=3:leaf=5:alpha=p80,0.11933333333333333,0.755,113.79877526172912,0.03737368421052634,0.019339682865376396,29.09232439519021,0.03737368421052634,30.450936739265526,classification_redundant,0.10977894736842106,0.0023726021499896888,2.6,0.06313205622366211,0.4421052631578947,0.772,-27.027027027027025,-0.011149999999999993,0.745,synthetic,classification,18,2950148027
split:d=3:leaf=5:pi=0.5,True,0.1281263157894737,0.17736945409924373,4.3,0.056948446935527,0.5052631578947369,0.7345,0.095125,0.7396875,cart:d=3:leaf=10:alpha=p80,0.08766666666666666,0.743125,76.04270522808596,0.024768421052631606,0.021444605641305483,21.399663498704037,0.024768421052631606,-6.868235866937477,classification_redundant,0.10335789473684209,0.0023324979505559896,2.3,0.06099889785502972,0.5210526315789473,0.7431,-3.076923076923065,-0.008599999999999941,0.733125,synthetic,classification,19,969278230
split:d=5:leaf=10:pi=0,True,0.4212947368421053,0.4303479541507841,18.65,0.34188042673973495,0.8789473684210526,0.6508,0.4483333333333333,0.574375,cart:d=5:leaf=5:alpha=p80,0.4499583333333333,0.5771875,125.5674646872411,0.009100000000000052,0.02341483385472646,2.183590864027595,0.009100000000000052,28.363671507898154,classification_interaction,0.4121947368421052,0.0034272249999048655,6.5,0.25695462348043235,0.8894736842105263,0.64445,-1.1904761904761942,0.006350000000000078,0.5718749999999999,synthetic,classification,0,2926449858
split:d=5:leaf=5:pi=0,True,0.3638315789473684,0.4994117709007696,18.7,0.34363681283180586,0.6842105263157895,0.7179,0.42,0.641875,cart:d=5:leaf=5:alpha=zero,0.4300833333333333,0.639375,162.07520257982625,-0.029500000000000026,0.06778037244578174,-7.792243902099951,-0.029500000000000026,-4.9444018130329965,classification_interaction,0.3933315789473684,0.0030813583012786693,18.45,0.36105829159153713,0.8421052631578947,0.69155,-20.689655172413786,0.026349999999999985,0.629375,synthetic,classification,1,3778067887
split:d=3:leaf=10:pi=0.3,True,0.40178947368421053,0.20969834585048375,5.6,0.15135727254944303,0.868421052631579,0.5409,0.41591666666666666,0.5625,cart:d=5:leaf=10:alpha=p80,0.43537499999999996,0.5621875,60.44391923616574,-0.020378947368420997,0.0429591019976494,-4.946599213041022,-0.020378947368420997,-41.40589511282609,classification_interaction,0.4221684210526315,0.0034693042493017857,6.1,0.230390265058265,0.8210526315789474,0.6073000000000002,5.607476635514022,-0.06640000000000013,0.5521874999999999,synthetic,classification,2,3455590750
split:d=5:leaf=5:pi=0,True,0.42901578947368424,0.5841742457494548,19.6,0.34531247147542055,0.6947368421052632,0.6339499999999999,0.42562500000000003,0.6296875,cart:d=5:leaf=5:alpha=p80,0.43562499999999993,0.6059375,156.19136735038794,0.0022894736842105634,0.04684547885216767,0.5350849678026546,0.0022894736842105634,26.77919657907153,classification_interaction,0.4267263157894737,0.0037401186484203207,9.7,0.26376010076119516,0.7263157894736842,0.5936000000000001,-4.444444444444443,0.040349999999999775,0.6000000000000001,synthetic,classification,3,3048023522
split:d=5:leaf=5:pi=0,True,0.4367105263157895,0.5319137625512667,18.4,0.3443322378995928,0.7210526315789474,0.6133500000000001,0.38991666666666674,0.6806249999999999,cart:d=5:leaf=5:alpha=median,0.4390833333333333,0.606875,130.73959213860712,-0.005084210526315802,0.03184922814344694,-1.1574684272328624,-0.005084210526315802,26.76831662159455,classification_interaction,0.4417947368421053,0.0040684979496290906,9.25,0.26304050804564555,0.8315789473684211,0.5750500000000001,-14.237288135593221,0.0383,0.596875,synthetic,classification,4,997731342
split:d=5:leaf=5:pi=0,False,0.3865736842105263,0.44884627489955164,18.55,0.3356704652359077,0.8473684210526315,0.7010500000000001,0.4054166666666667,0.610625,cart:d=5:leaf=5:alpha=p80,0.40299999999999997,0.63625,123.76368154854153,-0.04906842105263154,0.04206002324720655,-11.935655257615805,-0.04906842105263154,29.204676041067064,classification_interaction,0.43564210526315783,0.003626639651338337,6.8,0.2501299137681663,0.9052631578947369,0.6515000000000001,-6.606606606606614,0.04954999999999998,0.6300000000000001,synthetic,classification,5,3889986865
split:d=5:leaf=5:pi=0.3,True,0.4019105263157895,0.3682973084003606,13.55,0.2989667652070623,0.8947368421052632,0.65365,0.4109166666666667,0.60875,cart:d=5:leaf=5:alpha=p80,0.43387499999999996,0.6021875,117.51224350396998,-0.012268421052631595,0.0772429428635537,-3.0066362692429274,-0.012268421052631595,44.43410289588448,classification_interaction,0.4141789473684211,0.0031341186026111246,5.85,0.1902722757698111,0.8473684210526315,0.5628,5.438066465256802,0.09084999999999999,0.5921875,synthetic,classification,6,2045207193
split:d=5:leaf=10:pi=0,True,0.3518947368421052,0.5421580790512962,19.0,0.31768757968483163,0.8789473684210526,0.7212999999999999,0.33083333333333337,0.74,cart:d=5:leaf=5:alpha=p80,0.3727916666666667,0.7021875,153.60543949506837,0.012705263157894664,0.09976492369565568,3.676907376662127,0.012705263157894664,41.2473450753216,classification_interaction,0.33918947368421054,0.003529550000530435,4.9,0.20905410045369022,0.8631578947368421,0.6912,1.812688821752259,0.030099999999999905,0.6993750000000001,synthetic,classification,7,2323805866
split:d=5:leaf=10:pi=0,True,0.43913157894736843,0.6010690625007555,20.35,0.3674332514451956,0.8052631578947368,0.6135499999999999,0.3214166666666667,0.77,cart:d=5:leaf=10:alpha=p80,0.40820833333333334,0.6790625,119.47896784917806,-0.02036315789473686,0.03038473666534272,-4.532063558999412,-0.02036315789473686,5.140530403014337,classification_interaction,0.4594947368421053,0.00503075205051573,13.6,0.3490185403549811,0.8578947368421053,0.5845,-6.32911392405064,0.02904999999999991,0.6690625,synthetic,classification,8,1969393855
split:d=5:leaf=5:pi=0.3,True,0.44373684210526315,0.42071420620122807,12.95,0.2947558134747526,0.8526315789473684,0.6354,0.456625,0.5884375,cart:d=5:leaf=10:alpha=median,0.4509999999999999,0.5725,113.6176855261551,-0.0018789473684210911,0.042347097499907435,-0.4225427129136004,-0.0018789473684210911,-6.336049040228608,classification_interaction,0.44561578947368424,0.003702893649460748,11.3,0.31404269964859144,0.868421052631579,0.62285,-1.8348623853211066,0.01254999999999995,0.5625,synthetic,classification,9,287032823
split:d=5:leaf=10:pi=0,True,0.46425263157894736,0.5495828479492048,18.25,0.29438845606181896,0.6210526315789474,0.5864,0.40691666666666665,0.653125,cart:d=5:leaf=5:alpha=p80,0.4344166666666666,0.57375,139.31639045049602,0.012989473684210495,0.04411218022773806,2.8376296364430678,0.012989473684210495,44.74414812519969,classification_interaction,0.45126315789473687,0.003944854199653491,8.8,0.18674820574097692,0.531578947368421,0.5386000000000001,15.525114155251151,0.047799999999999954,0.566875,synthetic,classification,10,2680077991
split:d=5:leaf=10:pi=0,True,0.42270526315789486,0.6840468854992651,18.25,0.3338181674086328,0.6210526315789474,0.6373,0.40691666666666665,0.644375,cart:d=5:leaf=10:alpha=p80,0.40954166666666664,0.6303124999999999,173.28564709230014,-0.014773684210526217,0.04450953705543216,-3.4350047419463157,-0.014773684210526217,13.02786515131708,classification_interaction,0.4374789473684211,0.003947510350553784,10.3,0.2929884096023445,0.7368421052631579,0.6050499999999999,-17.05426356589146,0.03225000000000011,0.6203124999999999,synthetic,classification,11,2423719585
split:d=5:leaf=5:pi=0,True,0.45465789473684215,0.6511841624014778,19.35,0.3441160774514749,0.8368421052631579,0.6061500000000002,0.4357499999999999,0.645,cart:d=5:leaf=10:alpha=p80,0.4634999999999999,0.55375,154.77330260866796,0.040373684210526395,0.06464502215088869,9.29260625442918,0.040373684210526395,69.471744166379,classification_interaction,0.41428421052631575,0.004207341650180751,6.15,0.16668490246723375,0.7684210526315789,0.5410999999999999,8.52459016393444,0.06505000000000027,0.54375,synthetic,classification,12,601880212
split:d=3:leaf=10:pi=0,True,0.43653157894736844,0.24684931649899228,7.7,0.20157619374727004,0.6210526315789474,0.56925,0.349125,0.5690625,cart:d=5:leaf=10:alpha=p80,0.4007083333333333,0.5665625000000001,59.2831117620538,0.02453684210526319,0.028743231087220055,5.783401563081511,0.02453684210526319,-23.17191803919161,classification_interaction,0.41199473684210525,0.00416390619793674,7.85,0.25440611746039604,0.6210526315789474,0.5930500000000001,0.0,-0.023800000000000043,0.5590625,synthetic,classification,13,2881400919
split:d=5:leaf=10:pi=0,True,0.30457368421052633,0.5267866019981738,17.9,0.3060218330964817,0.7421052631578947,0.7572499999999999,0.358875,0.7165625,cart:d=5:leaf=10:alpha=median,0.36745833333333333,0.7221875,144.11993480169428,-0.09553684210526314,0.06111770065482939,-27.114795727836277,-0.09553684210526314,-12.926238199310989,classification_interaction,0.40011052631578947,0.003655195949977497,14.9,0.34831222241371135,0.8210526315789474,0.66925,-10.101010101010104,0.08799999999999986,0.7121875,synthetic,classification,14,3884168385
split:d=3:leaf=10:pi=0.3,True,0.47896842105263154,0.22562243744905572,6.35,0.17648520779500823,0.8578947368421053,0.556,0.426375,0.5359375,cart:d=5:leaf=10:alpha=p80,0.4714166666666666,0.515625,60.383094335771744,0.03473157894736828,0.05777993692546844,7.524129320616357,0.03473157894736828,-27.89839274983687,classification_interaction,0.44423684210526326,0.0037365166514064184,7.9,0.2337031933823804,0.8473684210526315,0.58065,1.2345679012345718,-0.02464999999999995,0.5146875,synthetic,classification,15,2810555073
split:d=5:leaf=10:pi=0,True,0.45144736842105265,0.5635264499513142,17.45,0.3076847986761806,0.8368421052631579,0.60085,0.45125,0.62375,cart:d=5:leaf=10:alpha=p80,0.4639583333333333,0.6146875,139.77007530226305,0.011663157894736875,0.050032389509196945,2.6173125302656364,0.011663157894736875,15.187468512117917,classification_interaction,0.4397842105263158,0.004031810448213946,7.9,0.2642533365760659,0.8947368421052632,0.6052500000000001,-6.686930091185405,-0.0044000000000000705,0.6059375,synthetic,classification,16,1187236020
split:d=5:leaf=10:pi=0,True,0.42424736842105265,0.5664303125493462,17.6,0.32149703506614963,0.8473684210526315,0.6215499999999999,0.440875,0.6140625,cart:d=5:leaf=10:alpha=zero,0.4473333333333333,0.5843749999999999,121.16161859963726,-0.01094736842105265,0.026797263541886763,-2.5475522676889577,-0.01094736842105265,15.033785869880623,classification_interaction,0.4351947368421053,0.00467499790029251,13.8,0.276543005508109,0.8789473684210526,0.5701499999999999,-3.658536585365852,0.0514,0.5743749999999999,synthetic,classification,17,1964309076
split:d=5:leaf=10:pi=0.3,True,0.49712631578947375,0.34027621444765827,9.35,0.16360122632269428,0.8631578947368421,0.5297000000000001,0.3815,0.6156250000000001,cart:d=5:leaf=5:alpha=zero,0.440875,0.6078125,72.97301635559295,0.02181578947368429,0.06995068898080196,4.48682907292046,0.02181578947368429,-51.176996699307374,classification_interaction,0.47531052631578946,0.004663041648018407,15.15,0.27611903921217784,0.8052631578947368,0.5383500000000001,6.940063091482657,-0.008650000000000047,0.6009374999999999,synthetic,classification,18,1688869225
split:d=5:leaf=5:pi=0,True,0.4358421052631578,0.6491033083009825,19.55,0.3307025135802433,0.9210526315789473,0.6363,0.43004166666666666,0.6309374999999999,cart:d=5:leaf=5:alpha=p80,0.44554166666666667,0.6065625,146.83401669368857,0.03480526315789462,0.022056115302161033,8.317872798052887,0.03480526315789462,13.30695089604356,classification_interaction,0.4010368421052632,0.004420660300093004,9.2,0.2894413911374481,0.8789473684210526,0.67675,4.6783625730994185,-0.040449999999999986,0.6046874999999999,synthetic,classification,19,60309761
split:d=3:leaf=5:pi=0.5,True,0.08735995638426342,0.10839850825141184,3.3,,0.0,0.7987555421551593,0.15179799239842978,0.7689778166057899,cart:d=3:leaf=5:alpha=p80,0.28715612608303215,0.7516831863184648,42.95710995064471,-0.03342268126640603,0.02015439547535804,-32.11517702214921,-0.006314484682873309,,regression_unique_step,0.12078263765066945,0.0025234125008864795,3.8,,0.0,0.7959659976269611,0.0,0.00278954452819824,0.7316831863184647,synthetic,regression,0,2171782933
split:d=3:leaf=5:pi=0.5,True,0.140063311295382,0.09800698944964097,2.9,,0.0,0.769119824050746,0.12558710043119672,0.8011866324355165,cart:d=3:leaf=5:alpha=p80,0.24935536252922438,0.787487275231136,28.878937270486375,-0.01456517913538849,0.019638765342503816,-9.885024999048623,-0.0028785565770655937,,regression_unique_step,0.15462849043077048,0.0033937186999537516,2.95,,0.0,0.7669597034203843,0.0,0.0021601206303616394,0.767487275231136,synthetic,regression,1,3971924918
split:d=3:leaf=5:pi=0.5,True,0.1016434472202889,0.10476761854879442,3.25,,0.0,0.7793288075535122,0.1980836584633046,0.767798282503972,cart:d=3:leaf=10:alpha=p80,0.3814293330020984,0.7452969134701699,47.357189327430625,-0.027617521961825348,0.01555366994049975,-23.921172571853777,-0.005674934231773696,,regression_unique_step,0.12926096918211424,0.0022122854003100655,3.65,,0.0,0.7753294613185122,0.0,0.003999346234999979,0.7252969134701699,synthetic,regression,2,2979356977
split:d=3:leaf=10:pi=0.5,True,0.09947980116443743,0.09847658320068149,3.3,,0.0,0.7872347130930164,0.1608381060682324,0.7653690795151153,cart:d=3:leaf=5:alpha=p80,0.3472341306511455,0.7448336119527932,48.451064707350554,-0.10522254114161748,0.019143444526120237,-69.18390405242494,-0.020151992412657076,,regression_unique_step,0.2047023423060549,0.0020324957520642785,5.35,,0.0,0.7763046450452367,0.0,0.01093006804777974,0.7248336119527932,synthetic,regression,3,976546400
split:d=3:leaf=10:pi=0.5,True,0.054439402317765506,0.08464567080081906,2.85,,0.0,0.7998086158308103,0.11568022317973016,0.8074019570391093,cart:d=3:leaf=10:alpha=p80,0.26431694382115706,0.7875750862104831,44.37989223830079,-0.08744017835014664,0.00874379260700624,-89.07969776567741,-0.01786227413333519,,regression_unique_step,0.14187958066791215,0.0019072977993346285,4.6,,0.0,0.788838426778228,0.0,0.010970189052582291,0.7675750862104831,synthetic,regression,4,390336474
split:d=3:leaf=10:pi=0.5,True,0.11229843370315913,0.10945149579783901,3.6,,0.0,0.7802036600331095,0.15227639069457719,0.8261125731616967,cart:d=3:leaf=10:alpha=p80,0.3613864992093678,0.8023197092854807,55.80884830894917,-0.030054265383936227,0.032200521381363846,-23.604266004731006,-0.006126568347841453,,regression_unique_step,0.14235269908709536,0.0019611853516835255,4.7,,0.0,0.7755440109842582,0.0,0.0046596490488513,0.7823197092854807,synthetic,regression,5,296229672
split:d=3:leaf=10:pi=0.5,True,0.07415544105446988,0.09591075825155712,3.0,,0.0,0.7828768814172855,0.10301481422485369,0.7940334449980548,cart:d=3:leaf=10:alpha=p80,0.3960734528790989,0.7643042288687991,47.861448636322486,-0.06647301726044962,0.018827240272060505,-61.897579339620876,-0.01381320387228193,,regression_unique_step,0.1406284583149195,0.0020039251001435334,4.15,,0.0,0.7752267485139503,0.0,0.007650132903335161,0.7443042288687991,synthetic,regression,6,1371087184
split:d=3:leaf=10:pi=0.5,True,0.09457765863639929,0.09496660625009098,3.35,,0.0,0.787875225491261,0.2630385737784404,0.7788390593127685,cart:d=3:leaf=10:alpha=p80,0.38378778199183766,0.764270810896843,48.997583189231314,0.022703864157280748,0.012346829669236234,27.27986296583929,0.004623205048842722,,regression_unique_step,0.07187379447911854,0.0019381896017875988,2.65,,0.0,0.7907558431095805,0.0,-0.002880617618319481,0.744270810896843,synthetic,regression,7,2113045347
split:d=5:leaf=5:pi=0.5,True,0.07304930597773852,0.09464222704918938,2.95,,0.0,0.7994837349707943,0.21727126860463272,0.75330337179906,cart:d=3:leaf=10:alpha=p80,0.2747539627899991,0.7414484099655311,48.63350691910754,-0.03676397780983444,0.016404865647755396,-40.209402980694804,-0.007450781160182714,,regression_unique_step,0.10981328378757296,0.0019460292511212173,3.4,,0.0,0.7933901307050003,0.0,0.006093604265793973,0.7214484099655311,synthetic,regression,8,2733580867
split:d=3:leaf=5:pi=0.5,True,0.08735055854629754,0.1015792000485817,3.3,,0.0,0.8032331075369281,0.11330915178022812,0.7856953631626884,cart:d=3:leaf=10:alpha=p80,0.2816178104101494,0.7620259460152417,47.16510877169444,-0.036554769290186626,0.015345527970739068,-34.607101289430396,-0.006844197252527439,,regression_unique_step,0.12390532783648417,0.0021536937514611055,3.75,,0.0,0.7984699140777037,0.0,0.00476319345922438,0.7420259460152416,synthetic,regression,9,3258016433
split:d=3:leaf=5:pi=0.5,True,0.11249343952087629,0.09205645005058613,3.15,,0.0,0.7807960732472121,0.19639036653482297,0.7627974270394946,cart:d=3:leaf=5:alpha=p80,0.3665947003143445,0.7390152290136509,42.44306760390136,-0.09846295952831766,0.013162553276748283,-60.8829857288596,-0.019663133530568946,,regression_unique_step,0.21095639904919394,0.0021689395995053927,5.3,,0.0,0.7703067782158198,0.0,0.010489295031392287,0.7190152290136509,synthetic,regression,10,2181165485
split:d=3:leaf=10:pi=0.5,True,0.04139256116347784,0.09033449800190282,2.8,,0.0,0.7913380526256595,0.14000001940767645,0.7578214370980331,cart:d=3:leaf=10:alpha=p80,0.24947740111228367,0.7399935209661591,49.394153695789754,-0.033889524571325574,0.012747833449149478,-58.092354204201676,-0.006779124894196359,,regression_unique_step,0.07528208573480341,0.001828850000310922,3.25,,0.0,0.7879811136846787,0.0,0.0033569389409807693,0.7199935209661591,synthetic,regression,11,1594109986
split:d=3:leaf=5:pi=0.5,True,0.1311501326341079,0.11519095844996627,3.55,,0.0,0.7784115089455517,0.1582098650732381,0.7668067995949406,cart:d=3:leaf=10:alpha=p80,0.2911086969867134,0.757322754577069,45.22380254486376,-0.0898453273098585,0.03601665595632475,-51.027375723828705,-0.01831186658462046,,regression_unique_step,0.2209954599439664,0.002547131200117292,4.85,,0.0,0.7683152446273607,0.0,0.010096264318190995,0.737322754577069,synthetic,regression,12,31750909
split:d=3:leaf=10:pi=0.5,True,0.05678015032424041,0.09705546450059047,2.9,,0.0,0.7908494717700337,0.14417978321357108,0.7889206135571063,cart:d=3:leaf=5:alpha=p80,0.3300889608917373,0.7631282696844719,45.75484345562857,-0.09671056910825757,0.02832231243190075,-91.98665437598814,-0.018860053339589077,,regression_unique_step,0.15349071943249798,0.0021212063504208343,4.1,,0.0,0.7797431827228525,0.0,0.01110628904718125,0.7431282696844719,synthetic,regression,13,3686819766
split:d=3:leaf=5:pi=0.5,True,0.14152528829791866,0.11556855005110264,3.9,,0.0,0.7837083605786106,0.12247607078339626,0.7892544077728321,cart:d=3:leaf=5:alpha=p80,0.36194317931391223,0.7567668502828055,55.1222151561486,-0.06208455917738076,0.02075276173892874,-35.976956700331655,-0.012501818897949832,,regression_unique_step,0.20360984747529942,0.002096587550477125,5.25,,0.0,0.7766135999346595,0.0,0.007094760643951092,0.7367668502828055,synthetic,regression,14,305701139
split:d=3:leaf=5:pi=0.5,True,0.07236074601251716,0.11401364375124104,3.1,,0.0,0.7994696836781823,0.23688083345842811,0.7962504117490803,cart:d=3:leaf=10:alpha=p80,0.49876647032020666,0.7717066380119957,53.84648165911397,-0.07062456126991479,0.031414827063865496,-65.59169317413375,-0.013722951869393497,,regression_unique_step,0.14298530728243194,0.002117383350559976,4.2,,0.0,0.7909454879746145,0.0,0.008524195703567772,0.7518649588133821,synthetic,regression,15,1083362602
split:d=3:leaf=10:pi=0.5,True,0.07882591279978729,0.11894700204938999,3.25,,0.0,0.7863321199610263,0.20558606503914087,0.7966802241538193,cart:d=3:leaf=10:alpha=p80,0.3615932098245788,0.7850544458090756,57.18668689467136,-0.08187742298399298,0.01496926590117542,-68.36528187531752,-0.016400077034932726,,regression_unique_step,0.16070333578378027,0.0020799771504243837,5.0,,0.0,0.7774610994043079,0.0,0.0088710205567184,0.7653139071365695,synthetic,regression,16,3900441674
split:d=3:leaf=10:pi=0.5,True,0.08984215353924414,0.10369377294991863,3.3,,0.0,0.7900244801269405,0.05461640107162194,0.779149427980899,cart:d=3:leaf=5:alpha=p80,0.27554737937619556,0.7586174937365647,49.17698547825338,-0.08147837592847824,0.014242330214836733,-62.3966448731152,-0.016257880178834887,,regression_unique_step,0.1713205294677224,0.0021085833534016272,4.9,,0.0,0.7804940041264957,0.0,0.009530476000444765,0.7386174937365647,synthetic,regression,17,1503512465
split:d=3:leaf=10:pi=0.5,True,0.09043003855501754,0.09390655405004508,2.85,,0.0,0.7878825410077994,0.1771015373504528,0.7645629031678869,cart:d=3:leaf=5:alpha=median,0.37032754813052227,0.7423393783926672,49.52381697605939,-0.13390398934048775,0.022818003912173746,-85.08213205558891,-0.025698688603677307,,regression_unique_step,0.2243340278955053,0.0018961897483677603,5.55,,0.0,0.7730956873529585,0.0,0.014786853654840892,0.7223393783926672,synthetic,regression,18,771196710
split:d=3:leaf=5:pi=0.5,True,0.12541902831241505,0.14019208350146073,3.7,,0.0,0.7867127049941365,0.1572857954330716,0.7954729385520727,cart:d=3:leaf=5:alpha=p80,0.38598675305823227,0.7701080102105061,61.55001322048005,-0.07550209812639894,0.017522232390859073,-46.27202446720332,-0.015166372050913434,,regression_unique_step,0.200921126438814,0.002277693799987901,4.85,,0.0,0.7781393792092369,0.0,0.008573325784899555,0.7501080102105061,synthetic,regression,19,3595015211
split:d=3:leaf=10:pi=0,True,0.9568098739321654,0.20253568120169801,8.0,,0.5210526315789473,0.8142986115267836,0.7650038689337376,0.8210743222070875,cart:d=3:leaf=10:alpha=zero,0.7823966147171115,0.8235853544399624,77.28495201956834,-0.03779336811152367,0.05373331289393536,-3.8734359016157502,-0.003784666559964446,,regression_redundant,0.9946032420436891,0.0026206354006717445,8.0,,0.5263157894736842,0.8130790326046615,-1.005025125628144,0.0012195789221220998,0.8035853544399624,synthetic,regression,0,2342018443
split:d=3:leaf=10:pi=0.3,True,1.0280319354154748,0.17615414799947757,8.0,,0.5052631578947369,0.806521240491007,1.1241191581763108,0.8068302963576874,cart:d=3:leaf=5:alpha=zero,1.0885537455702246,0.8040505505273972,62.522317734796125,-0.017428159532129284,0.07058001991880225,-1.6810442747713406,-0.0018413148398042807,,regression_redundant,1.045460094947604,0.002817460298683727,8.0,,0.5052631578947369,0.8072819964278946,0.0,-0.0007607559368875139,0.7866702186465685,synthetic,regression,1,3775936180
split:d=3:leaf=10:pi=0,True,0.916175950691863,0.18150253745043302,8.0,,0.39473684210526316,0.8132734636242331,0.9125054195757898,0.8025463264256723,cart:d=3:leaf=10:alpha=zero,0.9228647640338657,0.8007450541376506,74.5263389110664,-0.06759068078824504,0.08139404246076415,-7.115023519392562,-0.006738348955794754,,regression_redundant,0.983766631480108,0.002435414648061851,8.0,,0.4789473684210526,0.8132925068122953,-19.277108433734934,-1.90431880621178e-05,0.782203200668646,synthetic,regression,2,2328805260
split:d=3:leaf=10:pi=0.5,True,0.9178887781588434,0.14656667505041696,7.8,,0.26842105263157895,0.7984848663308257,0.9094266078579923,0.8190049178180763,cart:d=3:leaf=10:alpha=zero,0.8728429332435813,0.8162517772406359,74.56199375569776,0.01495553243600789,0.0925899100200239,1.6427231481004685,0.0015509719267050176,,regression_redundant,0.9029332457228355,0.0019657021985040046,8.0,,0.3368421052631579,0.8017505351643601,-22.60869565217391,-0.0032656688335344075,0.7974755437332223,synthetic,regression,3,1992438051
split:d=3:leaf=10:pi=0,True,0.9301580045316173,0.14897659794951323,8.0,,0.5052631578947369,0.8071019257073999,0.9070433103604795,0.8135633500714738,cart:d=3:leaf=10:alpha=zero,0.9030341017052952,0.8123323395229642,66.73949633350682,0.014318788098121704,0.06773735379049209,1.551333657006877,0.001484211395369076,,regression_redundant,0.9158392164334956,0.0022322104021441193,8.0,,0.4789473684210526,0.8059949296480513,5.347593582887707,0.0011069960593486083,0.7923323395229642,synthetic,regression,4,1778182189
split:d=3:leaf=10:pi=0,True,0.8748665110213403,0.15437613545145723,8.0,,0.39473684210526316,0.8001753672830553,0.8811099488619308,0.781683248352975,cart:d=3:leaf=10:alpha=zero,0.8821554075858574,0.7836989634337702,69.820550868984,-0.04974927569948551,0.05628510131830363,-5.529287591426331,-0.005125460496945022,,regression_redundant,0.9246157867208258,0.002211041498958366,8.0,,0.3368421052631579,0.8017848856612352,15.827338129496404,-0.0016095183781799083,0.7642810716835682,synthetic,regression,5,310396925
split:d=5:leaf=10:pi=0.5,True,0.8273636608616372,0.3652486252496601,15.35,,0.18947368421052632,0.8254179588784478,0.9198280187648684,0.7887023084296156,cart:d=5:leaf=10:alpha=median,1.0162508720860652,0.7843414888232143,131.23186412252156,-0.018762674373421495,0.04648535104639611,-2.242340786880613,-0.0017417558177564658,,regression_redundant,0.8461263352350586,0.0027832312502141577,13.6,,0.26842105263157895,0.8259269638012251,-34.48275862068966,-0.0005090049227772786,0.7643414888232143,synthetic,regression,6,896925018
split:d=5:leaf=10:pi=0.5,True,0.8152754840056041,0.38848240844890825,15.55,,0.3368421052631579,0.8263435970770935,0.9379907812939275,0.7936036722500419,cart:d=3:leaf=10:alpha=zero,0.9618233992472162,0.7866998215341973,197.21130007785888,-0.17196772558284557,0.07758786079724932,-19.080825757202884,-0.016914750118762707,,regression_redundant,0.9872432095884497,0.001969879050011514,8.0,,0.3368421052631579,0.8155741074002789,0.0,0.01076948967681457,0.7690640707283125,synthetic,regression,7,572182790
split:d=5:leaf=5:pi=0.5,True,0.802699289419513,0.40859785840148105,14.2,,0.0,0.82210781334946,0.990468449704325,0.7803473809548398,cart:d=5:leaf=10:alpha=median,0.9724466697328943,0.7792751285767722,134.53174934157596,0.019717187216934384,0.04617367106660803,2.4869040301676812,0.0019906822641824417,,regression_redundant,0.7829821022025786,0.003037185351422522,12.5,,0.0,0.8222341280447409,0.0,-0.00012631469528090467,0.7592751285767722,synthetic,regression,8,2512974450
split:d=5:leaf=10:pi=0.5,True,0.809987788896374,0.4276299312994524,14.7,,0.18947368421052632,0.8278747555989157,0.972158613541377,0.8197510279834926,cart:d=3:leaf=10:alpha=zero,0.8806201831969067,0.8164023815780148,211.81443149483192,0.04991331905132457,0.0660581049132554,6.35813245919758,0.004915079738081196,,regression_redundant,0.7600744698450494,0.0020188894981401973,8.0,,0.26842105263157895,0.8211233632530117,-34.48275862068966,0.006751392345903939,0.7969003217087118,synthetic,regression,9,3659765061
split:d=3:leaf=10:pi=0,True,0.9750163629843497,0.15212300194980344,8.0,,0.4421052631578947,0.8144629435965862,0.9769987568134174,0.8199757709922175,cart:d=3:leaf=10:alpha=zero,0.8818691797126391,0.8222809564997081,70.3300421232984,0.03810532563900115,0.06648780499823649,3.986064076745818,0.0037798827377100034,,regression_redundant,0.9369110373453485,0.002162987499468727,8.0,,0.4421052631578947,0.8151381997102769,0.0,-0.000675256113690681,0.8022809564997081,synthetic,regression,10,1190303562
split:d=5:leaf=10:pi=0.5,True,0.7706941350408409,0.379894745900674,14.65,,0.5052631578947369,0.8104145128933327,0.9990469643225853,0.8177894664411078,cart:d=3:leaf=10:alpha=zero,1.0568874784618776,0.8194048872871991,164.87220622977244,-0.09696578126212829,0.053799936465955094,-11.836975186479998,-0.009970718190565468,,regression_redundant,0.8676599163029692,0.0023041770022246056,8.0,,0.4789473684210526,0.801140430769045,5.347593582887707,0.009274082124287708,0.799404887287199,synthetic,regression,11,1683317645
split:d=5:leaf=5:pi=0.5,True,0.8793229883041784,0.4613222459985991,14.4,,0.5263157894736842,0.8135565848817746,1.0296510305734823,0.7638387178033551,cart:d=5:leaf=10:alpha=median,0.9606837043806583,0.7702333941152243,142.88182645371867,0.1223197308781433,0.06038561546883387,14.950530946664356,0.012525717680047507,,regression_redundant,0.7570032574260351,0.003228697850863682,11.25,,0.5210526315789473,0.8183960263214871,1.005025125628144,-0.0048394414397124885,0.7502333941152243,synthetic,regression,12,2735386391
split:d=5:leaf=10:pi=0.3,True,0.9013935328404421,0.48459286659926876,23.25,,0.5052631578947369,0.8227161132137834,1.07821481457808,0.8192656623522856,cart:d=3:leaf=10:alpha=zero,1.0596711668062213,0.8136503895601014,205.62311858414225,-0.04432858846670984,0.07392208093465498,-4.799763173158377,-0.004346814480953063,,regression_redundant,0.9457221213071519,0.002356704197154613,8.0,,0.4789473684210526,0.817354985886864,5.347593582887707,0.0053611273269194015,0.7952579147993655,synthetic,regression,13,1076116654
split:d=3:leaf=10:pi=0,True,0.766262605622238,0.16368637915002182,8.0,,0.1,0.7973821412233825,0.8059073307910087,0.8153629919739092,cart:d=3:leaf=10:alpha=zero,0.8013688664445475,0.8143423929646979,73.06381587388796,-0.061051869185988594,0.028640517090606624,-7.662242377318449,-0.0060553979383783174,,regression_redundant,0.8273144748082266,0.002240320700366283,8.0,,0.1,0.7960741857269631,0.0,0.0013079554964193774,0.7956608578816149,synthetic,regression,14,1149219770
split:d=3:leaf=10:pi=0,True,0.7709992367990754,0.22116999159843545,8.0,,0.39473684210526316,0.8092041696281788,0.8732758552600319,0.8173798281635032,cart:d=3:leaf=10:alpha=zero,0.9744423673083294,0.8149627035511076,93.21088337499893,0.027364490001040243,0.0726687086221013,3.6133468940201907,0.0026737803523144365,,regression_redundant,0.7436347467980352,0.002372791498055449,8.0,,0.39473684210526316,0.8100751041585366,0.0,-0.0008709345303578031,0.7949627035511075,synthetic,regression,15,2375890460
split:d=5:leaf=10:pi=0.5,True,0.813954044000325,0.42709968955023214,17.1,,0.5263157894736842,0.8255708869190178,0.890947600790178,0.8543563502285118,cart:d=5:leaf=10:alpha=median,0.8863809449217147,0.8544151899186192,144.00653849617865,0.049643103858578175,0.06039017557276663,6.290845245554713,0.0046693770795740025,,regression_redundant,0.7643109401417468,0.0029658353989361784,14.25,,0.5263157894736842,0.8275912156700895,0.0,-0.0020203287510717205,0.8344151899186192,synthetic,regression,16,1332027603
split:d=3:leaf=10:pi=0,True,0.9020819311950001,0.17000286239999696,8.0,,0.18947368421052632,0.8099572888638708,0.6980070532157292,0.8298741553450726,cart:d=3:leaf=5:alpha=zero,0.7218188391218796,0.8275279388181143,67.35681776729943,0.032608963847538086,0.05137298853137256,3.681394674742165,0.0031618970990272876,,regression_redundant,0.869472967347462,0.002523914698394947,8.0,,0.18947368421052632,0.8124777356867178,0.0,-0.0025204468228470223,0.8111862623424065,synthetic,regression,17,2564233093
split:d=3:leaf=5:pi=0,True,0.9938156710455366,0.1770173333970888,8.0,,0.4789473684210526,0.798724352585153,0.9240329862974225,0.7841610671802918,cart:d=3:leaf=5:alpha=zero,0.8973449023498632,0.7870782475141209,83.02398014643806,-0.05805068316857742,0.08886207187530026,-5.675435620177507,-0.006125448700824935,,regression_redundant,1.051866354214114,0.0021321229491150008,8.0,,0.4789473684210526,0.7948490066580203,0.0,0.0038753459271326784,0.7675139502490045,synthetic,regression,18,2595524089
split:d=5:leaf=5:pi=0.5,True,0.9140635443256812,0.44022341040108587,15.75,,0.39473684210526316,0.8168640863884937,0.8510578351692326,0.7760893327091389,cart:d=3:leaf=10:alpha=zero,0.9318181275231004,0.7745829830858271,186.7909265210296,-0.04117050192860083,0.05798846168434315,-4.404916813253623,-0.004184440765064739,,regression_redundant,0.955234046254282,0.002356770848564338,8.0,,0.4789473684210526,0.8124092962970162,-19.277108433734934,0.004454790091477534,0.754582983085827,synthetic,regression,19,3018680098
split:d=5:leaf=10:pi=0,True,8.368967416285711,0.3674961291995714,24.6,,0.0,0.6002243756268625,8.236233091385664,0.5955649504421178,cart:d=5:leaf=10:alpha=median,8.101025857465405,0.5868688933500332,140.98328696808764,0.2789324864062621,0.5375838891168412,3.3894215522880895,0.01069400254535071,,regression_friedman1,8.09003492987945,0.0026066644997627007,13.1,,0.0,0.5682633978265166,0.0,0.0319609778003459,0.5740770014217034,synthetic,regression,0,1464531312
split:d=5:leaf=10:pi=0,True,7.696439825760536,0.3832597229993553,25.65,,0.0,0.5975557961470812,9.008964045982863,0.5704346087967942,cart:d=5:leaf=10:alpha=zero,9.82371899907398,0.5702502344331306,150.00000995827003,-0.24198646393585754,0.546613274104213,-3.0954721600925645,-0.010257514309110335,,regression_friedman1,7.938426289696394,0.002555064650368877,24.55,,0.0,0.5840339498595741,0.0,0.013521846287507078,0.5502502344331306,synthetic,regression,1,4190901410
split:d=5:leaf=10:pi=0.3,True,8.394808561313,0.38473351245047527,24.85,,0.1,0.627379474826533,8.555962782741982,0.5457011139825965,cart:d=5:leaf=10:alpha=median,8.423007515612921,0.5429115615591106,144.05628266711471,-0.1883011694791481,0.5736626512468347,-2.2181891353159524,-0.007411967432518668,,regression_friedman1,8.583109730792149,0.0026707166485721245,14.0,,0.1,0.594713761160514,0.0,0.032665713666019,0.5346858951374132,synthetic,regression,2,1800955985
split:d=5:leaf=10:pi=0,True,6.914135757885716,0.3987997852986155,25.45,,0.0,0.5992736987556351,8.038216428708077,0.6113677514928859,cart:d=5:leaf=10:alpha=median,6.809788201507073,0.5862412911372137,160.66033252400493,1.1978161018337108,0.47880332516451984,18.967108668337,0.05170464184486538,,regression_friedman1,5.716319656052005,0.0024822542007314043,10.55,,0.0,0.5615319898962169,0.0,0.03774170885941819,0.5773403330073188,synthetic,regression,3,70285298
split:d=5:leaf=10:pi=0,True,6.907128031718364,0.37224878534616435,25.85,,0.0,0.6068474485560976,9.048655409978839,0.5371873072712072,cart:d=5:leaf=10:alpha=zero,8.672728125314393,0.5466133689871782,155.0470006040848,-0.6912745276397372,0.40896332689010056,-9.531185685341239,-0.02711480842314462,,regression_friedman1,7.598402559358101,0.0024008770495129285,25.0,,0.0,0.5935637658802537,0.0,0.0132836826758439,0.5266133689871781,synthetic,regression,4,3315872786
split:d=5:leaf=10:pi=0.3,True,8.615057291043204,0.402794449999783,26.55,,0.1,0.6022362589439656,9.081919518346611,0.5836859968052069,cart:d=5:leaf=10:alpha=zero,9.822528317847372,0.5790672918691955,153.5834841128764,-0.23076512752333045,0.7441196156079188,-2.6432245266122183,-0.008996325723988908,,regression_friedman1,8.845822418566534,0.0026226417008729185,27.4,,0.1,0.6000569722642003,0.0,0.002179286679765302,0.5590672918691955,synthetic,regression,5,3939558261
split:d=5:leaf=10:pi=0.5,True,6.5371451000539755,0.34186493745073676,17.9,,0.18947368421052632,0.593984646997652,7.021031601057422,0.5895905732278084,cart:d=5:leaf=10:alpha=zero,8.293819480933422,0.6073382863726071,128.32476490795057,-0.5214031688026877,0.20664728216194406,-7.670122510926641,-0.021120604455136298,,regression_friedman1,7.058548268856663,0.002664060500683263,26.15,,0.1,0.6125209374577139,61.81818181818182,-0.01853629046006189,0.5873382863726071,synthetic,regression,6,3121492765
split:d=5:leaf=10:pi=0.5,True,6.916237096943747,0.29562260629900267,15.5,,0.1,0.5538925877824061,7.119517773281948,0.5726792437815893,cart:d=5:leaf=10:alpha=median,7.763813330712171,0.5744463188554458,111.85229904347811,0.2829994588108544,0.404878474317012,4.177275715024295,0.012227258500447834,,regression_friedman1,6.633237638132893,0.002642972999456106,13.25,,0.1,0.5593791006624568,0.0,-0.005486512880050642,0.565945778464281,synthetic,regression,7,681625514
split:d=5:leaf=5:pi=0.5,True,8.231052255658833,0.3363566083004116,15.75,,0.2789473684210526,0.5492984994341659,8.148351258941165,0.5193262415417443,cart:d=5:leaf=10:alpha=zero,9.683807366479495,0.5115066879120467,133.1554933425304,0.3544570762382895,0.7484745793244009,4.401102987471029,0.013900724590461894,,regression_friedman1,7.876595179420543,0.0025260437992983497,24.75,,0.26842105263157895,0.6014769509085747,3.8461538461538383,-0.052178451474408805,0.49543879425253423,synthetic,regression,8,275684295
split:d=5:leaf=10:pi=0.3,True,6.655965322003191,0.3921130373993947,23.9,,0.5210526315789473,0.6296771117379115,7.988654748842957,0.5309424379490271,cart:d=5:leaf=10:alpha=zero,8.507421410582587,0.4989235784564322,152.86251081839143,-0.2956675730611007,0.33586689428595246,-4.345624677399077,-0.01116885187761016,,regression_friedman1,6.951632895064292,0.0025651353971625213,24.9,,0.5210526315789473,0.63308088366876,0.0,-0.0034037719308485093,0.4789235784564322,synthetic,regression,9,3020041114
split:d=5:leaf=10:pi=0.3,True,8.137462921815915,0.40729175010128527,24.9,,0.0,0.5852650635740597,10.064551724360339,0.5795436879975423,cart:d=5:leaf=10:alpha=median,9.33772367180519,0.55958892483842,167.81839334911888,0.03786506343619145,0.5073913345329883,0.4664029278300849,0.0015847823739168914,,regression_friedman1,8.099597858379724,0.002426979200390633,12.55,,0.0,0.5402188465730171,0.0,0.04504621700104261,0.5445668333222167,synthetic,regression,10,3693728199
split:d=5:leaf=10:pi=0,True,7.378766824088178,0.4199980479999795,25.95,,0.18947368421052632,0.6294016067761969,8.623370668190422,0.5137777328859742,cart:d=5:leaf=10:alpha=median,8.34004730708739,0.4816426118065561,168.0762618556636,0.540110210654654,0.4095564735171,7.597863467008096,0.02104156086787637,,regression_friedman1,6.838656613433524,0.0024988540521007963,11.85,,0.18947368421052632,0.5941831251631153,0.0,0.03521848161308161,0.47793713806700294,synthetic,regression,11,3773247827
split:d=5:leaf=10:pi=0.3,True,8.168301866135216,0.34206493749952643,25.5,,0.0,0.6215965687864786,6.683369103174827,0.5759757643251475,cart:d=5:leaf=10:alpha=zero,6.983144422625079,0.5672025615115672,138.2182865524309,-0.39643029896901893,0.3609053474160284,-4.738295496547849,-0.01582408445834732,,regression_friedman1,8.564732165104235,0.0024748167990765067,25.9,,0.0,0.6116779117584479,0.0,0.009918657028030742,0.5472025615115672,synthetic,regression,12,3235967107
split:d=5:leaf=5:pi=0.5,True,7.160353122808472,0.28037231674970825,15.85,,0.1,0.5987426245851938,8.12453563525748,0.5164374956528708,cart:d=5:leaf=10:alpha=median,8.669941479127631,0.5067224194057476,113.01034805255519,0.49332536644262603,0.494661641645364,7.135485320804793,0.018687463257358677,,regression_friedman1,6.6670277563658455,0.002480943750560982,10.15,,0.1,0.5818326551629796,0.0,0.016909969422214233,0.5029353572327826,synthetic,regression,13,2774689926
split:d=5:leaf=10:pi=0.5,True,8.949673178964465,0.2585781832494831,15.5,,0.0,0.5762076420465397,9.918079630525689,0.5883802905171254,cart:d=5:leaf=10:alpha=median,10.335989216391356,0.5887102521348624,106.77025245160019,0.5138449639348597,0.765470145409283,5.911189470927432,0.01889528131636399,,regression_friedman1,8.435828215029606,0.0024218185993959197,12.65,,0.0,0.5820081279505243,0.0,-0.00580048590398452,0.5776292215321728,synthetic,regression,14,1003018113
split:d=5:leaf=10:pi=0,True,8.592259653913866,0.28005676664906787,25.25,,0.0,0.5864736542227481,8.801936116715861,0.5609938472807284,cart:d=5:leaf=10:alpha=median,8.484564807429573,0.5476743773577917,135.12678737688995,0.6702911654340253,0.4583679852469842,8.11774137615696,0.028028809722964704,,regression_friedman1,7.92196848847984,0.0020725481015688276,12.95,,0.0,0.5616463531409167,0.0,0.0248273010818314,0.547376803780689,synthetic,regression,15,4048833289
split:d=5:leaf=10:pi=0,True,8.01385931429062,0.26532720199902543,25.7,,0.0,0.5990861037179684,8.181681557839145,0.6001971566775066,cart:d=5:leaf=10:alpha=median,7.911558555928565,0.5884833278507211,135.03415926084074,0.8665127255011296,0.38521116420982277,11.430657047208774,0.034952229289760293,,regression_friedman1,7.147346588789491,0.001964889502414735,15.1,,0.0,0.5792322966493766,0.0,0.019853807068591856,0.5812458415571358,synthetic,regression,16,638660938
split:d=5:leaf=10:pi=0.3,True,7.114356873846639,0.2748846145485004,26.2,,0.0,0.5879685988423188,8.045127452169119,0.6104915399381788,cart:d=5:leaf=10:alpha=zero,7.884511813318671,0.6135831728193128,138.02374261425445,-0.7951762602742329,0.4445305733593873,-10.585490972744513,-0.03216862188254162,,regression_friedman1,7.909533134120872,0.001991574850399047,26.5,,0.0,0.578515772927421,0.0,0.009452825914897822,0.5935831728193128,synthetic,regression,17,4294378548
split:d=5:leaf=10:pi=0,True,7.713986671650884,0.26472408950066895,25.3,,0.1,0.6116053020495152,7.570755364473327,0.5386502158073113,cart:d=5:leaf=10:alpha=zero,8.334613784833074,0.5173678649817526,128.57849095717725,0.15182171148859247,0.17515075739170088,1.9876957907699464,0.006053821792937588,,regression_friedman1,7.562164960162291,0.0020588520485034676,24.85,,0.18947368421052632,0.6171094468031423,-61.81818181818182,-0.005504144753627038,0.49736786498175256,synthetic,regression,18,3218673368
split:d=5:leaf=10:pi=0,True,9.693625303489096,0.16229448949889047,25.65,,0.0,0.5799204588510091,10.157876805973535,0.538302479734732,cart:d=5:leaf=10:alpha=zero,11.042251228750368,0.5275879790099653,119.4633840070565,0.22560751952147307,0.7127386435203779,2.354782609108888,0.008888534455185325,,regression_friedman1,9.468017783967623,0.0013585291497292928,25.5,,0.0,0.5846806490674907,0.0,-0.004760190216481663,0.5075879790099653,synthetic,regression,19,2814129607
split:d=3:leaf=5:pi=0,True,0.08873499538319482,0.28091749800005344,6.1,0.11971016091524614,0.7315789473684211,0.9149122807017547,0.08364661654135339,0.9243421052631579,cart:d=3:leaf=5:alpha=median,0.06829573934837091,0.9342105263157895,123.52918817308172,0.0032625423207140597,0.013111245006471919,3.745583038869251,0.0032625423207140597,-14.53735154059249,breast_cancer,0.08547245306248076,0.0022740981476090383,3.3,0.13847694448769926,0.7157894736842105,0.914327485380117,2.1818181818181883,0.0005847953216376878,0.9242105263157895,real_repeated_split,classification,0,3573542249
split:d=3:leaf=10:pi=0,True,0.09467528470298552,0.20529661055188625,5.8,0.10931757630855661,0.6210526315789474,0.8923976608187136,0.06253132832080201,0.9426691729323308,cart:d=3:leaf=10:alpha=median,0.04899749373433583,0.9454887218045112,77.32961931048467,-0.0023391812865497102,0.014978068391655785,-2.440590879897241,-0.0023391812865497102,-21.00467428330555,breast_cancer,0.09701446598953523,0.002654825051286025,4.1,0.13497388967436952,0.7210526315789474,0.8929824561403509,-14.901960784313724,-0.0005847953216372437,0.9359586466165413,real_repeated_split,classification,1,996459617
split:d=3:leaf=5:pi=0,True,0.07639273622653124,0.2881343855529849,6.3,0.11043802465246867,0.6421052631578947,0.9257309941520468,0.10137844611528822,0.9097744360902256,cart:d=5:leaf=10:alpha=median,0.09517543859649123,0.9064849624060151,119.36272042497504,0.0012619267466913026,0.01279590131171642,1.6656510257972954,0.0012619267466913026,8.529052166782055,breast_cancer,0.07513080947983994,0.002413939499092521,4.45,0.10140396763576187,0.6263157894736842,0.9260233918128657,2.4896265560166055,-0.0002923976608188994,0.9044736842105263,real_repeated_split,classification,2,2197293975
split:d=5:leaf=5:pi=0,True,0.07830101569713759,0.3487337791506434,8.0,0.09502313193015305,0.5105263157894737,0.9116959064327487,0.08070175438596491,0.9210526315789473,cart:d=3:leaf=5:alpha=median,0.0668546365914787,0.9281015037593985,150.9004543212439,-0.004401354262850099,0.008180169691367364,-5.467405849741913,-0.004401354262850099,-30.89169899259148,breast_cancer,0.08270236995998768,0.0023110187488782686,3.35,0.12973965348980135,0.5421052631578948,0.9119883040935672,-5.9999999999999964,-0.00029239766081856633,0.9181015037593985,real_repeated_split,classification,3,2151221463
split:d=3:leaf=10:pi=0.3,True,0.0839950754078178,0.18342349584709156,5.4,0.10822854782845405,0.6631578947368421,0.9172514619883041,0.07944862155388471,0.9342105263157895,cart:d=5:leaf=10:alpha=median,0.08596491228070176,0.9285714285714286,87.11799635056201,-0.0021237303785780204,0.010242732674791151,-2.496833725348286,-0.0021237303785780204,-6.551006644624847,breast_cancer,0.08611880578639582,0.00210546045054798,4.6,0.11555870678833886,0.6421052631578947,0.9163742690058481,3.225806451612896,0.0008771929824560321,0.9223308270676691,real_repeated_split,classification,4,505147206
split:d=3:leaf=10:pi=0,True,0.08824253616497384,0.1938841269526165,6.15,0.09468725055576296,0.5052631578947369,0.9184210526315789,0.08502506265664159,0.9046052631578947,cart:d=3:leaf=5:alpha=median,0.08590225563909776,0.9074248120300752,90.67430214673821,0.004524469067405362,0.008011197890071936,5.262215858242357,0.004524469067405362,-24.228826292007025,breast_cancer,0.08371806709756847,0.002138247798575321,3.5,0.12079120033759232,0.5421052631578948,0.9228070175438597,-7.035175879396986,-0.004385964912280826,0.8974248120300752,real_repeated_split,classification,5,3346458579
split:d=3:leaf=5:pi=0,True,0.07026777469990766,0.1982705626003735,6.1,0.0882809135198357,0.6052631578947368,0.9307017543859649,0.1117794486215539,0.9069548872180451,cart:d=5:leaf=5:alpha=median,0.09818295739348372,0.9140037593984962,82.94024646782631,0.002954755309325957,0.007980307793551156,4.295302013422835,0.002954755309325957,-9.760849641959298,breast_cancer,0.06731301939058171,0.0023905229492811484,5.0,0.0973400027924714,0.7263157894736842,0.9377192982456142,-18.18181818181819,-0.007017543859649256,0.9040037593984962,real_repeated_split,classification,6,148343792
split:d=3:leaf=10:pi=0.3,True,0.0711295783317944,0.18983503339914023,5.8,0.09428352136806661,0.35789473684210527,0.9225146198830408,0.100062656641604,0.9111842105263157,cart:d=3:leaf=5:alpha=median,0.08947368421052632,0.9116541353383458,90.71965735843585,-0.00203139427516158,0.011426394455947637,-2.8156996587030605,-0.00203139427516158,-21.060774675444044,breast_cancer,0.07316097260695598,0.002092545749474084,3.6,0.11647747012959361,0.4421052631578947,0.9277777777777777,-21.052631578947363,-0.0052631578947368585,0.9072932330827068,real_repeated_split,classification,7,1673619249
split:d=3:leaf=5:pi=0,True,0.07756232686980609,0.22807840834793752,6.3,0.1019575315329913,0.5894736842105263,0.9333333333333332,0.06553884711779448,0.9313909774436091,cart:d=3:leaf=10:alpha=median,0.075,0.9309210526315789,102.35180040797815,0.010895660203139437,0.008708891970248996,15.108834827144703,0.010895660203139437,22.017369109078018,breast_cancer,0.06666666666666665,0.0022283771017100663,4.0,0.0817353604999724,0.5052631578947369,0.9350877192982455,15.384615384615373,-0.0017543859649122862,0.921860902255639,real_repeated_split,classification,8,1667008377
split:d=5:leaf=5:pi=0,True,0.07137580794090488,0.279732108299504,7.7,0.08540221879214221,0.6894736842105263,0.9277777777777778,0.06077694235588972,0.9285714285714286,cart:d=5:leaf=5:alpha=median,0.06842105263157894,0.9219924812030075,114.42331501116968,0.007540781779008909,0.008737206561799207,11.154108809469587,0.007540781779008909,-13.010229458677665,breast_cancer,0.06383502616189597,0.0024447124982543756,4.1,0.09728631768749248,0.7947368421052632,0.9298245614035088,-14.184397163120565,-0.0020467836257309635,0.9119924812030075,real_repeated_split,classification,9,3531892652
split:d=3:leaf=5:pi=0,True,0.08781163434903046,0.21840186050030752,5.95,0.11424928691629366,0.6157894736842106,0.906140350877193,0.06679197994987468,0.9389097744360901,cart:d=3:leaf=5:alpha=median,0.06259398496240601,0.9412593984962406,94.6002680885869,0.005755617112957828,0.007770421609354677,6.7765899619496235,0.005755617112957828,-16.988437777679568,breast_cancer,0.08205601723607263,0.0023086812005203685,3.55,0.13546015335940845,0.6473684210526316,0.9064327485380117,-4.999999999999998,-0.00029239766081867735,0.9312593984962406,real_repeated_split,classification,10,2941035807
split:d=3:leaf=5:pi=0,True,0.06872883964296705,0.2277245605495409,6.1,0.09936271798692221,0.8052631578947368,0.9260233918128655,0.08771929824561404,0.9107142857142857,cart:d=5:leaf=5:alpha=median,0.0824561403508772,0.9182330827067668,83.41234660139668,0.0111111111111111,0.006067985347475001,17.588306942752723,0.0111111111111111,4.853674912734269,breast_cancer,0.057617728531855955,0.0027301061512844172,4.0,0.09465424173664592,0.8157894736842105,0.9309941520467838,-1.2987012987013027,-0.004970760233918292,0.9082330827067668,real_repeated_split,classification,11,3694247327
split:d=3:leaf=10:pi=0.3,True,0.0822099107417667,0.18541938755079174,5.6,0.09467911428169294,0.7315789473684211,0.9248538011695906,0.08803258145363407,0.9215225563909775,cart:d=3:leaf=5:alpha=median,0.09548872180451128,0.9229323308270677,91.3235753837654,0.01052631578947369,0.015648056327789064,13.680000000000009,0.01052631578947369,-8.632174353108068,breast_cancer,0.07168359495229301,0.002030356200702954,2.55,0.10322064020763891,0.7210526315789474,0.9248538011695906,1.449275362318845,0.0,0.9195112781954886,real_repeated_split,classification,12,3756124200
split:d=3:leaf=5:pi=0.3,True,0.07974761465066173,0.20030928130145184,5.95,0.09569726035215766,0.6789473684210526,0.9365497076023391,0.06441102756892231,0.9013157894736842,cart:d=3:leaf=5:alpha=zero,0.07857142857142857,0.8984962406015038,96.77673112499247,0.002031394275161566,0.008074976677274066,2.580140734949151,0.002031394275161566,11.155615167923893,breast_cancer,0.07771622037550016,0.00206980829971144,6.3,0.08558564851304742,0.6842105263157895,0.9400584795321636,-0.7722007722007745,-0.0035087719298244613,0.896484962406015,real_repeated_split,classification,13,291804611
split:d=3:leaf=5:pi=0,True,0.0549092028316405,0.1874311604020477,5.95,0.07151712104435086,0.8,0.9105263157894739,0.06578947368421054,0.9295112781954886,cart:d=3:leaf=10:alpha=median,0.06572681704260652,0.9290413533834585,92.96181798588579,0.0007694675284702912,0.010834068796561602,1.4112334180073252,0.0007694675284702912,-19.38422344728334,breast_cancer,0.054139735303170206,0.002016216597985476,3.0,0.08686798220487062,0.7894736842105263,0.9043859649122808,1.3245033112582822,0.0061403508771930015,0.9256203007518796,real_repeated_split,classification,14,4110934864
split:d=5:leaf=5:pi=0.3,True,0.06691289627577715,0.25525880215063806,7.25,0.08822123042035526,0.7789473684210526,0.9274853801169589,0.059398496240601485,0.9436090225563909,cart:d=5:leaf=10:alpha=median,0.06240601503759398,0.9464285714285714,107.68141829846088,-0.001169590643274862,0.008370725362021008,-1.7327861377109106,-0.001169590643274862,-3.173631349391437,breast_cancer,0.06808248691905201,0.0023705000006884803,4.4,0.09106619133147106,0.7789473684210526,0.9274853801169591,0.0,-2.220446049250313e-16,0.9368984962406015,real_repeated_split,classification,15,1131743363
split:d=3:leaf=5:pi=0,True,0.012368421052631577,0.5857481228471443,6.4,0.02316335543125984,0.0,0.9858333333333335,0.011157517899761335,0.9897076372315037,cart:d=3:leaf=5:alpha=zero,0.007915672235481307,0.9913484486873508,143.59049806966337,-0.0017836257309941528,0.002637038192999238,-13.45093715545756,-0.0017836257309941528,-8.767178307904555,digits_binary,0.01415204678362573,0.004079295849805931,6.1,0.02528723004105041,0.0,0.9833333333333334,0.0,0.0025000000000000577,0.9813484486873508,real_repeated_split,classification,0,3710217854
split:d=3:leaf=10:pi=0.3,True,0.015331384015594541,0.5401082083997608,5.85,0.02164590604765142,0.0,0.9852777777777778,0.015115354017501989,0.9850835322195703,cart:d=5:leaf=5:alpha=median,0.014697692919649959,0.9852326968973747,131.79739650506846,0.0007504873294346976,0.0012962962962962963,5.0179211469534035,0.0007504873294346976,-15.421127868352327,digits_binary,0.014580896686159844,0.004098018797958502,3.5,0.02526283447648149,0.0,0.9848148148148148,0.0,0.0004629629629629983,0.9752326968973747,real_repeated_split,classification,1,2708807622
split:d=5:leaf=10:pi=0,True,0.014600389863547761,0.6892003104512696,8.75,0.021709815655639106,0.1,0.9905555555555555,0.016050119331742243,0.9840393794749404,cart:d=3:leaf=10:alpha=median,0.01758154335719968,0.9821002386634845,166.8300517851723,0.000545808966861603,0.002586707017253946,3.8095238095238413,0.000545808966861603,-3.1656785811870045,digits_binary,0.014054580896686158,0.004131152050103992,3.4,0.02240813186317024,0.1,0.9894444444444446,0.0,0.0011111111111109517,0.9744868735083532,real_repeated_split,classification,2,1549225288
split:d=5:leaf=10:pi=0.3,True,0.013050682261208577,0.5818019353500858,6.8,0.018179539594168206,0.0,0.9873148148148149,0.010859188544152746,0.972255369928401,cart:d=3:leaf=10:alpha=median,0.016507557677008754,0.9755369928400954,156.5011851547777,-0.00033138401559454356,0.0021876598946505366,-2.507374631268449,-0.00033138401559454356,-1.8279802169993453,digits_binary,0.01338206627680312,0.003717556098854402,4.15,0.018514923355898896,0.0,0.9869444444444444,0.0,0.0003703703703704653,0.9680727923627686,real_repeated_split,classification,3,109511322
split:d=3:leaf=5:pi=0,True,0.010009746588693956,0.5992404436510697,6.45,0.020665837539874256,0.0,0.9884259259259259,0.019232299124900556,0.9843377088305489,cart:d=3:leaf=5:alpha=median,0.015373906125696103,0.9846360381861574,151.79723151532238,-0.004522417153996101,0.002502856164532505,-36.854646544876886,-0.004522417153996101,-15.216120187452411,digits_binary,0.014532163742690058,0.003947637500823475,3.2,0.024069314813975087,0.0,0.9837962962962962,0.0,0.004629629629629761,0.975381861575179,real_repeated_split,classification,4,51787245
split:d=3:leaf=10:pi=0.3,True,0.009688109161793372,0.5702789896015019,6.0,0.013838583067367705,0.0,0.9859259259259259,0.009208432776451869,0.9715095465393795,cart:d=3:leaf=10:alpha=median,0.01404136833731106,0.9719570405727923,139.87825893603372,-0.0007017543859649117,0.0018925567551550484,-6.990291262135917,-0.0007017543859649117,-5.279737193362336,digits_binary,0.010389863547758284,0.004076966598950094,4.05,0.014589034824889931,0.0,0.9868518518518519,0.0,-0.0009259259259259967,0.9697136038186157,real_repeated_split,classification,5,2405258251
split:d=5:leaf=5:pi=0.3,True,0.012270955165692007,0.7298737355005869,8.1,0.01959335465926743,0.0,0.9919444444444443,0.019192521877486077,0.9756861575178998,cart:d=5:leaf=5:alpha=zero,0.016547334924423233,0.9782219570405728,167.44895731897776,0.0005945419103313837,0.0015628381359471806,4.9654049654049635,0.0005945419103313837,-3.1813980685836376,digits_binary,0.011676413255360623,0.004358783399948152,8.25,0.02022677304613097,0.0,0.9922222222222222,0.0,-0.0002777777777779322,0.9685202863961814,real_repeated_split,classification,6,3083162976
split:d=3:leaf=10:pi=0,True,0.013567251461988302,0.5937694248983462,6.5,0.01910081985332994,0.0,0.9881481481481481,0.021101829753381065,0.9867243436754176,cart:d=3:leaf=5:alpha=median,0.020883054892601432,0.9862768496420048,144.34790976483714,0.0036062378167641303,0.0022084621999997923,30.654515327257645,0.0036062378167641303,8.278141679146637,digits_binary,0.009961013645224172,0.004113460498774657,3.65,0.017582472400649998,0.0,0.985,0.0,0.003148148148148122,0.9762768496420048,real_repeated_split,classification,7,872124044
split:d=3:leaf=10:pi=0,True,0.013352826510721248,0.592480193850497,6.3,0.020023806834896556,0.0,0.9872222222222223,0.01970962609387431,0.9828460620525059,cart:d=3:leaf=10:alpha=median,0.01919252187748608,0.9837410501193318,134.19975758965822,0.001578947368421053,0.0025421308990091354,12.567882079131113,0.001578947368421053,0.6428640599024376,digits_binary,0.011773879142300195,0.004414912548963912,3.75,0.019895493417752146,0.0,0.9875925925925927,0.0,-0.00037037037037035425,0.9744868735083532,real_repeated_split,classification,8,359235165
split:d=3:leaf=5:pi=0.3,True,0.012017543859649123,0.570659929150861,6.1,0.021308278344389774,0.0,0.985648148148148,0.02143993635640414,0.9823985680190931,cart:d=3:leaf=5:alpha=zero,0.01587112171837709,0.9865751789976134,140.75381117318244,-0.0017153996101364546,0.0032872906063442825,-13.323239969719927,-0.0017153996101364546,-3.7706759954168616,digits_binary,0.013732943469785578,0.004054312450898578,6.2,0.022127183613155566,0.0,0.9860185185185186,0.0,-0.0003703703703705763,0.9765751789976134,real_repeated_split,classification,9,2955816553
split:d=3:leaf=5:pi=0,True,0.010321637426900584,0.6600550582508731,6.45,0.016652719667963486,0.0,0.991388888888889,0.013086714399363564,0.9895584725536992,cart:d=3:leaf=10:alpha=median,0.010521081941129672,0.9885143198090692,150.49442374578385,0.00014619883040935776,0.0017901234567901235,1.4265335235378132,0.00014619883040935776,-2.860484873361215,digits_binary,0.010175438596491226,0.004385910400014836,3.2,0.017135979989263705,0.0,0.9894444444444443,0.0,0.0019444444444446374,0.9798568019093078,real_repeated_split,classification,10,3493120211
split:d=3:leaf=5:pi=0.5,True,0.015877192982456143,0.6307534541010682,5.15,0.02344049255469131,0.0,0.9849074074074075,0.013166268894192519,0.9844868735083532,cart:d=3:leaf=5:alpha=median,0.012609387430389815,0.9850835322195703,144.90661474321817,0.0007504873294346993,0.004152353100948676,4.841244891543549,0.0007504873294346993,-6.016213897559881,digits_binary,0.015126705653021443,0.00435282719990937,3.7,0.024894459609429695,0.0,0.986111111111111,0.0,-0.0012037037037035958,0.9752326968973748,real_repeated_split,classification,11,2857976838
split:d=3:leaf=10:pi=0.5,True,0.017231968810916178,0.6704706064490893,5.1,0.024954437244802497,0.0,0.9885185185185182,0.009347653142402546,0.97881861575179,cart:d=3:leaf=5:alpha=median,0.009327764518695306,0.9825477326968973,143.95954516511873,0.008060428849902532,0.005217784063951645,61.055740125507555,0.008060428849902532,42.85672303508486,digits_binary,0.009171539961013647,0.0046573542982514485,4.0,0.01614705985675791,0.0,0.9943518518518518,0.0,-0.005833333333333579,0.9752326968973747,real_repeated_split,classification,12,1887456636
split:d=5:leaf=5:pi=0,True,0.0095224171539961,0.8117799958497927,8.45,0.016637422596916498,0.0,0.9882407407407408,0.010023866348448688,0.9907517899761337,cart:d=5:leaf=5:alpha=zero,0.009864757358790773,0.9904534606205251,179.1494665591723,-0.0016276803118908372,0.001548140272096846,-15.747289014615742,-0.0016276803118908372,-5.166741198122354,digits_binary,0.011150097465886938,0.004531300100643421,7.8,0.017519831044947157,0.0,0.9875925925925927,0.0,0.0006481481481480644,0.9804534606205251,real_repeated_split,classification,13,1407712732
split:d=3:leaf=5:pi=0,True,0.008879142300194933,0.7155434562504525,6.7,0.018015351251233276,0.0,0.9913888888888888,0.014856801909307877,0.9828460620525059,cart:d=3:leaf=5:alpha=zero,0.01569212410501193,0.9819510739856802,159.11801982812622,0.001452241715399612,0.001242259987499883,17.81231320980277,0.001452241715399612,15.027720491788585,digits_binary,0.007426900584795321,0.004496935400675283,6.6,0.015497260443724892,0.0,0.9924074074074074,0.0,-0.0010185185185186407,0.972398568019093,real_repeated_split,classification,14,164487215
split:d=3:leaf=5:pi=0,True,0.014249512670565305,0.6182121563986585,6.5,0.01938100785038971,0.0,0.9866666666666667,0.005210819411296738,0.991945107398568,cart:d=3:leaf=5:alpha=median,0.006066030230708036,0.990900954653938,146.1876794102431,0.00576023391812866,0.002469907286881797,50.66438062580373,0.00576023391812866,32.57803586073682,digits_binary,0.008489278752436645,0.004228893699473701,3.15,0.013951473918429902,0.0,0.984537037037037,0.0,0.0021296296296297035,0.9814976133651552,real_repeated_split,classification,15,3646521926
split:d=3:leaf=10:pi=0.3,True,1472.6395014272016,0.06985700005025137,7.35,,0.5052631578947369,0.23068842766047154,1730.5836867365845,0.41608456196299026,cart:d=3:leaf=10:alpha=median,1803.5540514038314,0.4182163732461724,81.99699576257078,-33.93445652415426,124.61411671287208,-2.2780815800444683,-0.0059133959697827716,,diabetes,1506.5739579513559,0.0008519458475348074,4.85,,0.5210526315789473,0.20667694297709244,-3.076923076923065,0.024011484683379103,0.40679509485265286,real_repeated_split,regression,0,3509845492
split:d=3:leaf=5:pi=0.5,True,1886.0700691106986,0.06088819164870074,5.35,,0.5421052631578948,0.3128587978094347,1258.4401905911998,0.27551761165451416,cart:d=3:leaf=10:alpha=zero,1576.3338468482193,0.29149468617714885,84.35507848466007,116.96579436451248,301.8074578414979,6.4000117839025945,0.019812003447542165,,diabetes,1769.104274746186,0.0007218082508188672,7.75,,0.4789473684210526,0.3392523972227065,12.37113402061856,-0.026393599413271795,0.27149468617714884,real_repeated_split,regression,1,1630143894
split:d=3:leaf=10:pi=0,True,1547.3433528681646,0.06645603749784641,8.0,,0.5052631578947369,0.22427840265008644,2143.030825775567,0.3510964450071602,cart:d=3:leaf=10:alpha=median,2040.7927664554816,0.35614361434743924,81.0556963213723,-256.6163975373179,157.48385631696556,-15.314424844869912,-0.048462620006652336,,diabetes,1803.9597504054825,0.0008198811498004943,4.55,,0.4789473684210526,0.1914022934243084,5.347593582887707,0.03287610922577805,0.3361436143474392,real_repeated_split,regression,2,657566397
split:d=3:leaf=5:pi=0.3,True,1624.9644838829984,0.06271714585163864,7.45,,0.4421052631578947,0.3593575488308487,1726.699847857984,0.31811367397929674,cart:d=3:leaf=10:alpha=zero,1948.064991281008,0.31416424861497205,91.05196087793632,-355.76373001508864,86.75367889468635,-19.73344707018559,-0.05904850097590174,,diabetes,1980.728213898087,0.0006888060976052657,7.75,,0.5210526315789473,0.33795341124396655,-16.393442622950815,0.021404137586882144,0.30171895954541883,real_repeated_split,regression,3,234208036
split:d=3:leaf=10:pi=0.3,True,1714.1422232161044,0.0674497916981636,7.65,,0.5736842105263158,0.2932967734067844,1530.6804652908613,0.2971874686627796,cart:d=3:leaf=10:alpha=median,1680.3386095642666,0.29367327506660457,95.40872794196672,-38.64778726047484,138.48580799542006,-2.2295092407566606,-0.006521788448476298,,diabetes,1752.7900104765793,0.0007069561994285323,6.2,,0.5263157894736842,0.2754288470856078,8.612440191387565,0.01786792632117662,0.27924701785887707,real_repeated_split,regression,4,611130420
split:d=3:leaf=5:pi=0.5,True,1893.0366266601459,0.054706681201059836,4.25,,0.28421052631578947,0.22842131596375123,2372.03128382547,0.17908478309710657,cart:d=3:leaf=10:alpha=p80,2358.339604943919,0.16094267603503443,56.34600336090907,527.3867382462615,284.48517130039687,32.368056013162125,0.08206920440618927,,diabetes,1365.6498884138844,0.0009709061501780525,2.7,,0.19473684210526315,0.21495217353533827,37.362637362637365,0.013469142428412961,0.15066774722236134,real_repeated_split,regression,5,1036177522
split:d=3:leaf=5:pi=0.3,True,1861.6164373104184,0.07386851450064569,7.8,,0.5421052631578948,0.30714405678350415,2015.0603400268067,0.252642966915437,cart:d=5:leaf=10:alpha=p80,1910.7404773647436,0.2367251498269627,73.66363385365197,-18.700575567438364,159.70958454907773,-0.9995140649279824,-0.0031721729547070504,,diabetes,1880.3170128778568,0.0010027812997577712,2.75,,0.5631578947368421,0.2753641319554433,-3.8095238095238018,0.03177992482806086,0.23453783350913618,real_repeated_split,regression,6,231390004
split:d=5:leaf=10:pi=0.5,True,1656.237440476972,0.10082965015171794,6.5,,0.5052631578947369,0.2737588218564676,1685.7306174636471,0.23983013617367746,cart:d=3:leaf=5:alpha=p80,1520.7588862931138,0.22447655062249583,115.79494225586568,38.841222081577826,194.1292051753687,2.3729730402977984,0.007114999237625388,,diabetes,1617.3962183953943,0.0008707603992661461,2.85,,0.5052631578947369,0.251182615098519,0.0,0.02257620675794858,0.2110472113522063,real_repeated_split,regression,7,2313457202
split:d=3:leaf=5:pi=0.5,True,1407.2354450045052,0.07773483339915402,5.05,,0.4789473684210526,0.17605009771314406,1764.527904956932,0.23265793092237008,cart:d=3:leaf=10:alpha=p80,2024.7004449824356,0.19270763825341147,85.93717120706891,136.8207822879201,272.0313482952988,10.219466829769354,0.022386910334424647,,diabetes,1270.414662716585,0.000904554249427747,2.6,,0.3368421052631579,0.0984965782558391,34.83870967741935,0.07755351945730496,0.17270763825341148,real_repeated_split,regression,8,1135261706
split:d=3:leaf=5:pi=0.5,True,1635.1439721132397,0.058176306150562594,5.25,,0.4789473684210526,0.34089971461125634,2045.8907297851692,0.2449486719848877,cart:d=3:leaf=10:alpha=median,2109.367472515538,0.24878517880916856,78.40823364240251,72.3966258313103,115.8923184359563,4.527772749177846,0.012143159260391752,,diabetes,1562.7473462819294,0.0007419667992508039,3.7,,0.4789473684210526,0.3437702944499987,0.0,-0.0028705798387423376,0.22878517880916857,real_repeated_split,regression,9,1212358867
split:d=3:leaf=10:pi=0.3,True,2099.8649362816927,0.06328681680024602,7.75,,0.39473684210526316,0.2525572449986083,2360.667176772308,0.25590182887173096,cart:d=3:leaf=10:alpha=p80,2210.471854292163,0.23724074812172297,88.99951550724653,570.139480482799,290.14096657103164,31.41618854440368,0.10720794814358087,,diabetes,1529.7254557988938,0.0007110917002137284,2.45,,0.39473684210526316,0.23843259330312572,0.0,0.014124651695482604,0.21724074812172298,real_repeated_split,regression,10,1553994789
split:d=3:leaf=10:pi=0.5,False,1496.115555837736,0.055514020851114766,4.7,,0.46842105263157896,0.37252249574102514,2527.3717069789873,0.07519916040360664,cart:d=3:leaf=5:alpha=p80,2000.8396064366336,0.1145202265460658,71.32346643128062,308.4840443521466,265.6714363084245,22.989054975275124,0.046734191135873696,,diabetes,1187.6315114855895,0.000778341598197585,2.25,,0.26842105263157895,0.28647633453900834,54.28571428571428,0.0860461612020168,0.0945202265460658,real_repeated_split,regression,11,2088180489
split:d=3:leaf=5:pi=0.5,True,1412.8178424474079,0.06262515829948825,5.0,,0.4789473684210526,0.3068293807956428,1474.9140662087332,0.3194392617221412,cart:d=3:leaf=10:alpha=p80,1229.5767772645247,0.3074462768620052,86.23208369038424,94.01856072247006,162.91318763077552,6.8837290475660495,0.012984928707101065,,diabetes,1318.7992817249378,0.000726239650248317,3.5,,0.5052631578947369,0.2899231236410415,-5.347593582887707,0.016906257154601312,0.30556086515263525,real_repeated_split,regression,12,2391171356
split:d=3:leaf=10:pi=0.3,True,1367.1369375414918,0.0677726645495568,7.55,,0.5210526315789473,0.3769932801921493,1985.1916696293943,0.3338880065690063,cart:d=3:leaf=10:alpha=median,2087.0570118906317,0.33481236629562067,82.41487961235335,142.9389457861041,133.4690939184569,11.03207031789507,0.023437980108699588,,diabetes,1224.1979917553876,0.0008223352975619491,4.7,,0.5052631578947369,0.3725576326771104,3.076923076923065,0.0044356475150388874,0.3244997672042151,real_repeated_split,regression,13,409560481
split:d=3:leaf=10:pi=0.5,True,2007.6851468872355,0.04852825214911718,5.0,,0.5736842105263158,0.18701939223637098,1783.0200068585846,0.34139770534185065,cart:d=5:leaf=10:alpha=p80,1652.9814113225866,0.3377866311015775,50.06784078611268,93.21927611886599,203.61485429211857,4.753477145537662,0.019510660173098163,,diabetes,1914.4658707683695,0.0009692499494121876,3.35,,0.5210526315789473,0.19378514953116646,9.615384615384627,-0.006765757294795477,0.3184079735738735,real_repeated_split,regression,14,2853545481
split:d=5:leaf=10:pi=0.5,False,2027.7525495225227,0.044663810350175484,5.55,,0.5736842105263158,0.1636496818663709,1829.2863091075076,0.31815969216230117,cart:d=5:leaf=5:alpha=p80,1747.0885912740557,0.3375280561971269,58.88502719262432,276.45754483940755,225.03135827581883,14.631069912403863,0.050763586461201576,,diabetes,1751.2950046831152,0.0007584918013890274,3.3,,0.4789473684210526,0.17069460629611277,18.000000000000004,-0.007044924429741861,0.3212985032245343,real_repeated_split,regression,15,1977561322
