ci_98_high,ci_98_low,ci_family_high,ci_family_low,ci_high,ci_low,mean,metric,n_cells,n_units,process,scope,source,task
10.730870372985313,3.6827448210492144,10.968578569703373,3.4787722191413897,10.262209727182967,4.093059472996503,7.099726344313649,instability_effect_percent,6,120,all,grand,synthetic,all
0.01446449651629221,0.006843237582109549,0.01469932832772206,0.006587401452834833,0.013964023606958519,0.007337528155294007,0.010753946559272547,normalized_instability_delta,6,120,all,grand,synthetic,all
35.3477048613734,25.867758897964656,35.686292089780196,25.59648847802587,34.77582664465637,26.425940922292263,30.551593694292013,instability_effect_percent,3,60,all,task,synthetic,classification
0.007537562500000013,-0.0060658958333333355,0.007974451388888883,-0.006502034722222235,0.0067602083333333195,-0.005200958333333336,0.0009516666666666644,score_delta,3,60,all,task,synthetic,classification
0.03093537280701755,0.017662875000000005,0.03132699195906434,0.017209301169590643,0.030168131578947367,0.01864357456140351,0.024563508771929823,normalized_instability_delta,3,60,all,task,synthetic,classification
111.67039271552119,96.72859112613959,112.19487456354773,96.19227202971923,110.77296056548423,97.69820883361078,104.35851839844615,fit_time_ratio,3,60,all,task,synthetic,classification
-11.115953269145006,-21.121792882642122,-10.790901223341537,-21.397111245896014,-11.828777935547354,-20.556529135319753,-16.35214100566471,instability_effect_percent,3,60,all,task,synthetic,regression
0.009769950585630776,0.002152842233148232,0.010017121575183944,0.0018752424739534312,0.009349777428858634,0.0026746047517231973,0.006122988701202095,score_delta,3,60,all,task,synthetic,regression
0.0008826046024376226,-0.006863248453274887,0.001139853764269661,-0.007124487879029796,0.0003470587729743016,-0.006370919517478966,-0.003055615653384728,normalized_instability_delta,3,60,all,task,synthetic,regression
110.80886231437968,92.55050964462839,111.55483197769966,91.95591072971463,109.5846567399622,93.51382552266867,101.36272462766628,fit_time_ratio,3,60,all,task,synthetic,regression
2.552286771487659,-5.550936378897183,2.731711837581267,-5.855627363877206,2.158885228434498,-4.870848434378072,-0.9817598847157832,instability_effect_percent,,20,classification_interaction,cell,synthetic,classification
0.04173762499999997,0.00197740624999996,0.043026770833333325,0.00022158333333328876,0.03946749999999993,0.004527124999999969,0.02197999999999998,score_delta,,20,classification_interaction,cell,synthetic,classification
0.01149094736842106,-0.019241388157894734,0.012284489035087684,-0.020541063596491216,0.00981267105263156,-0.017103835526315815,-0.002739473684210525,normalized_instability_delta,,20,classification_interaction,cell,synthetic,classification
2.1768018139607572,-6.692696319007813,2.5049676928654367,-6.983608011924434,1.6507393829002013,-6.103634873765128,-2.153612869741675,root_disagreement_effect_percent,,20,classification_interaction,cell,synthetic,classification
139.66090501345087,105.59691388453537,140.67787847044752,104.46737242733465,137.8951350607062,108.07154596978121,123.74478859586536,fit_time_ratio,,20,classification_interaction,cell,synthetic,classification
25.04652741334966,-5.103712122833217,25.927520392576717,-6.2261851568391595,23.231153851655478,-3.330752816283569,10.242495509552754,probability_instability_effect_percent,,20,classification_interaction,cell,synthetic,classification
38.6842128383125,21.475580576833973,39.41886990914242,20.97525800924624,37.426731529133114,22.360719192994576,29.580232382016987,instability_effect_percent,,20,classification_redundant,cell,synthetic,classification
-0.005194968749999987,-0.009987500000000005,-0.005007500000000008,-0.010122500000000005,-0.005525000000000002,-0.009682499999999993,-0.007605000000000001,score_delta,,20,classification_redundant,cell,synthetic,classification
0.04220605263157895,0.024912312500000002,0.042725881578947376,0.0244470153508772,0.04120545394736841,0.025983868421052637,0.033668947368421055,normalized_instability_delta,,20,classification_redundant,cell,synthetic,classification
40.614533900256575,-29.087254893042005,43.05454230512725,-31.706474326948968,36.13617465536654,-25.16158753960673,5.871959585180386,root_disagreement_effect_percent,,20,classification_redundant,cell,synthetic,classification
96.3028430063886,80.02927496507697,96.94310990725303,79.53793167199424,95.22470453824899,80.89063803671118,87.968045256134,fit_time_ratio,,20,classification_redundant,cell,synthetic,classification
30.445147031881227,10.808849290599056,30.93364039650592,10.217348009246981,29.23791603580342,11.973291100517438,20.62514518438254,probability_instability_effect_percent,,20,classification_redundant,cell,synthetic,classification
73.80027805848232,52.72389217233164,74.57443480325297,52.075127562118084,72.38781379457086,54.011156559172996,63.05630858557483,instability_effect_percent,,20,classification_unique,cell,synthetic,classification
-0.00831496875000002,-0.015277499999999961,-0.008134083333333323,-0.015565854166666643,-0.00867999999999997,-0.014812499999999984,-0.011519999999999985,score_delta,,20,classification_unique,cell,synthetic,classification
0.05116586513157895,0.03436651644736842,0.05177365350877195,0.03370739912280702,0.05012352631578947,0.03545473684210527,0.04276105263157894,normalized_instability_delta,,20,classification_unique,cell,synthetic,classification
0.0,0.0,0.0,0.0,0.0,0.0,0.0,root_disagreement_effect_percent,,20,classification_unique,cell,synthetic,classification
114.03469608016894,89.52593883318112,114.83304155533963,88.74443705730043,112.27470979372976,90.81005626960912,101.36272134333908,fit_time_ratio,,20,classification_unique,cell,synthetic,classification
41.069729687034226,7.916655419350808,42.299226668751864,6.734217620967396,39.057521077227996,9.714234016312131,24.17802689407271,probability_instability_effect_percent,,20,classification_unique,cell,synthetic,classification
5.20674904645138,-1.9660258528414498,5.433142797950084,-2.180764034722404,4.780336473118831,-1.5228740774410148,1.555456088397767,instability_effect_percent,,20,regression_friedman1,cell,synthetic,regression
0.020394434445580204,-0.001986238926797869,0.020952388591473674,-0.0028283662776478393,0.019204583055828922,-0.00044734110783391993,0.009845531373956329,score_delta,,20,regression_friedman1,cell,synthetic,regression
0.015134492990085423,-0.0055391355375909584,0.015933570897614924,-0.0061699018067632614,0.013882264343299575,-0.00446250768782276,0.004629816599754586,normalized_instability_delta,,20,regression_friedman1,cell,synthetic,regression
9.657342657342657,-9.272727272727273,9.849650349650348,-11.786713286713288,9.272727272727273,-9.080419580419582,0.19230769230769162,root_disagreement_effect_percent,,20,regression_friedman1,cell,synthetic,regression
147.70375661146582,130.45803189183468,148.25171299285506,129.8534686624923,146.62583450292212,131.4729082145886,139.0322785712188,fit_time_ratio,,20,regression_friedman1,cell,synthetic,regression
2.1546668198646173,-5.158004784934827,2.383238506840429,-5.4072382868668925,1.7365462010030503,-4.737717952462859,-1.4670007934738791,instability_effect_percent,,20,regression_redundant,cell,synthetic,regression
0.0034842315507220547,-0.0005624531457291365,0.003631049547744092,-0.0006683675450983862,0.0032134522567705717,-0.0003444462097091132,0.0013452022179012036,score_delta,,20,regression_redundant,cell,synthetic,regression
0.001607222120364578,-0.004717341250521096,0.0018473301476658978,-0.004943450777289852,0.0011874975027682923,-0.004325873722057882,-0.0015038758295901615,normalized_instability_delta,,20,regression_redundant,cell,synthetic,regression
1.2038890058330716,-11.893105414432295,1.5286996846359229,-12.327630160556232,0.5291480096584152,-10.99029027569371,-4.912915544143178,root_disagreement_effect_percent,,20,regression_redundant,cell,synthetic,regression
143.14252686106582,91.5908997413634,144.89969231448785,90.03718203378143,139.73122180271997,94.57307933225302,116.57025751155861,fit_time_ratio,,20,regression_redundant,cell,synthetic,regression
-34.32970341418701,-62.262881975776,-33.366962989285625,-63.1534103601601,-36.44511490320162,-60.76592300773661,-49.14487831191802,instability_effect_percent,,20,regression_unique_step,cell,synthetic,regression
0.009131584520240063,0.005110240666239784,0.009244729198380914,0.004969594714463112,0.008890843956362722,0.0054055090649950425,0.00717823251174875,score_delta,,20,regression_unique_step,cell,synthetic,regression
-0.008616655093389774,-0.01581336475061958,-0.008366889083997823,-0.016040593326150585,-0.009092892973737427,-0.015380343285908461,-0.01229278773031861,normalized_instability_delta,,20,regression_unique_step,cell,synthetic,regression
0.0,0.0,0.0,0.0,0.0,0.0,0.0,root_disagreement_effect_percent,,20,regression_unique_step,cell,synthetic,regression
51.641816220278095,45.06319920218779,51.87776380291133,44.79667435072928,51.27181423923398,45.527616826968554,48.48563780022141,fit_time_ratio,,20,regression_unique_step,cell,synthetic,regression
11.358261422208866,0.7231198910901784,11.766906561784333,0.33983475072941655,10.615755433901752,1.274281903735789,5.818650522170873,instability_effect_percent,3,48,all,grand,real_repeated_split,all
0.015059788206309509,-0.00021179529370844507,0.015600910522428041,-0.0007426069838829362,0.014009152094268394,0.0006287501516532272,0.007128734089245082,normalized_instability_delta,3,48,all,grand,real_repeated_split,all
12.81632881324717,-1.1944143572381654,13.305719633012679,-1.6561526981046513,11.724048933337063,-0.3892148971827152,5.383010359549854,instability_effect_percent,2,32,all,task,real_repeated_split,classification
0.0005678910818713614,-0.001554584703947399,0.0006437469541910274,-0.001622758792235273,0.0004407399792885073,-0.0014260553728070603,-0.000495705409356742,score_delta,2,32,all,task,real_repeated_split,classification
0.0035492986223325126,0.0004039201565225204,0.0036618080670120755,0.0003010689987945006,0.0033176369972812095,0.0005665789794295643,0.0019103794757361237,normalized_instability_delta,2,32,all,task,real_repeated_split,classification
131.8712059909271,119.42012971594865,132.36957951330675,119.03728929717926,130.89746403199388,120.09008561923957,125.22082077249812,fit_time_ratio,2,32,all,task,real_repeated_split,classification
14.447267845952135,-1.0317482776524403,14.949013129990112,-1.5458381055336614,13.470139458815162,-0.13184674738308977,6.68993084741291,instability_effect_percent,1,16,all,task,real_repeated_split,regression
0.036597418882694646,0.005437633906138778,0.03780297643760034,0.004537778331301287,0.034581470830290756,0.007028748178254601,0.019998519242470713,score_delta,1,16,all,task,real_repeated_split,regression
0.04074498215268133,-0.004862584031476392,0.04220301046964937,-0.006187722358013994,0.03762527589096665,-0.001830540147846587,0.017565443316263,normalized_instability_delta,1,16,all,task,real_repeated_split,regression
88.87600772345881,71.47865310006338,89.46948432448175,70.84924217258113,87.74709660538842,72.57025485476268,80.12132855802538,fit_time_ratio,1,16,all,task,real_repeated_split,regression
8.132795404627409,0.6722991314503464,8.402759456415636,0.418705400997045,7.667857705161843,1.0998736272422596,4.269665648700215,instability_effect_percent,,16,breast_cancer,cell,real_repeated_split,classification
0.00036549707602343006,-0.0030701754385965493,0.0004996649610136609,-0.0031798245614035278,0.00012792397660821297,-0.002887426900584855,-0.0014254385964912394,score_delta,,16,breast_cancer,cell,real_repeated_split,classification
0.005761412165281628,0.0004193598030163134,0.0060044757361239365,0.0002494196932389456,0.005440135426285009,0.000705938365650967,0.003035549399815327,normalized_instability_delta,,16,breast_cancer,cell,real_repeated_split,classification
1.1795514593270495,-9.063713690014275,1.5109950609629708,-9.380904499327322,0.54054459113378,-8.398754019402181,-3.8982025256786694,root_disagreement_effect_percent,,16,breast_cancer,cell,real_repeated_split,classification
111.62291800750536,91.23355689553257,112.6211585773278,90.71961529613394,110.205672223604,92.1840534200553,100.38159109097398,fit_time_ratio,,16,breast_cancer,cell,real_repeated_split,classification
-0.6510325174005915,-16.412335965203578,-0.1349823455236137,-16.903796050688726,-1.789226015025989,-15.606415601103752,-8.916760443759161,probability_instability_effect_percent,,16,breast_cancer,cell,real_repeated_split,classification
14.576210933185676,-1.0313851349018244,15.023063420764085,-1.5897495749182162,13.624111474305357,-0.1121286826388227,6.68993084741291,instability_effect_percent,,16,diabetes,cell,real_repeated_split,regression
0.036851030250657495,0.005434516997818298,0.03816746457772745,0.004570730814863652,0.03460078742368463,0.007206269943052453,0.019998519242470713,score_delta,,16,diabetes,cell,real_repeated_split,regression
0.04109597235077298,-0.0044152452638034495,0.04245947865715952,-0.00598149777772752,0.038250431650702334,-0.0017103716989510399,0.017565443316263,normalized_instability_delta,,16,diabetes,cell,real_repeated_split,regression
20.457144292929648,0.6318115940498892,21.171383647066907,0.09881467844624216,19.027774632053113,1.608104938539926,9.680190857542947,root_disagreement_effect_percent,,16,diabetes,cell,real_repeated_split,regression
88.96717998609935,71.5519585574764,89.77601655631412,70.95406357857851,87.83944154770771,72.66614618241809,80.12132855802538,fit_time_ratio,,16,diabetes,cell,real_repeated_split,regression
20.716788706906446,-6.049105252443295,21.776122595645955,-6.780585495096176,18.751726955685392,-4.627915383954221,6.496355070399494,instability_effect_percent,,16,digits_binary,cell,real_repeated_split,classification
0.0016493055555555705,-0.0009085648148148968,0.0017207272376543526,-0.0010069444444445444,0.0014988425925926282,-0.0007349537037037515,0.0004340277777777554,score_delta,,16,digits_binary,cell,real_repeated_split,classification
0.0025505985014619916,-0.0007639041179337224,0.0026551433560753745,-0.0008733451104613386,0.0023172971491228034,-0.0005726730019493178,0.0007852095516569204,normalized_instability_delta,,16,digits_binary,cell,real_repeated_split,classification
0.0,0.0,0.0,0.0,0.0,0.0,0.0,root_disagreement_effect_percent,,16,digits_binary,cell,real_repeated_split,classification
157.4049597124129,143.62484497061453,157.88483548173386,143.21436710027487,156.37754139920483,144.23714730552635,150.06005045402225,fit_time_ratio,,16,digits_binary,cell,real_repeated_split,classification
11.364029770920611,-5.693781063406361,11.993043690573638,-6.055349272590189,10.09177978182662,-4.990712309759056,1.7943842961473382,probability_instability_effect_percent,,16,digits_binary,cell,real_repeated_split,classification
